year_BP,d18O,d13C,REF
714,-5.63,-8.56,"Wang et al 2017, Nature"
718,-6.18,-9.08,"Wang et al 2017, Nature"
722,-6.02,-8.55,"Wang et al 2017, Nature"
726,-5.57,-7.97,"Wang et al 2017, Nature"
730,-6.09,-8.57,"Wang et al 2017, Nature"
734,-6.22,-8.25,"Wang et al 2017, Nature"
738,-6.6,-8.94,"Wang et al 2017, Nature"
741,-6.3,-8.6,"Wang et al 2017, Nature"
745,-6.32,-8.54,"Wang et al 2017, Nature"
749,-6.48,-8.4,"Wang et al 2017, Nature"
753,-5.96,-7.71,"Wang et al 2017, Nature"
757,-6.45,-7.93,"Wang et al 2017, Nature"
761,-6.17,-7.63,"Wang et al 2017, Nature"
765,-6.58,-8.05,"Wang et al 2017, Nature"
768,-6.29,-7.59,"Wang et al 2017, Nature"
772,-6.36,-7.58,"Wang et al 2017, Nature"
776,-6.51,-8.57,"Wang et al 2017, Nature"
780,-6,-7.91,"Wang et al 2017, Nature"
784,-5.9,-7.71,"Wang et al 2017, Nature"
788,-6.23,-8.28,"Wang et al 2017, Nature"
789,-6.17,-7.84,"Wang et al 2017, Nature"
790,-6.37,-7.93,"Wang et al 2017, Nature"
791,-5.92,-7.94,"Wang et al 2017, Nature"
792,-6.24,-7.53,"Wang et al 2017, Nature"
793,-6.6,-8.06,"Wang et al 2017, Nature"
794,-6.7,-8.11,"Wang et al 2017, Nature"
795,-6.61,-8.44,"Wang et al 2017, Nature"
796,-7.03,-9.04,"Wang et al 2017, Nature"
797,-7.13,-8.75,"Wang et al 2017, Nature"
798,-6.77,-8.51,"Wang et al 2017, Nature"
799,-6.89,-8.98,"Wang et al 2017, Nature"
800,-6.87,-9.52,"Wang et al 2017, Nature"
801,-6.88,-9.79,"Wang et al 2017, Nature"
802,-6.88,-9.49,"Wang et al 2017, Nature"
803,-6.72,-9.49,"Wang et al 2017, Nature"
804,-6.87,-9.32,"Wang et al 2017, Nature"
805,-6.49,-9.67,"Wang et al 2017, Nature"
806,-6.29,-7.99,"Wang et al 2017, Nature"
807,-6.46,-9.62,"Wang et al 2017, Nature"
820,-7.19,-10.43,"Wang et al 2017, Nature"
832,-7.29,-9.98,"Wang et al 2017, Nature"
845,-7.34,-9.97,"Wang et al 2017, Nature"
857,-7.43,-9.76,"Wang et al 2017, Nature"
870,-6.86,-9.91,"Wang et al 2017, Nature"
882,-6.96,-9.83,"Wang et al 2017, Nature"
895,-6.7,-9.97,"Wang et al 2017, Nature"
907,-6.72,-9.89,"Wang et al 2017, Nature"
920,-6.92,-9.43,"Wang et al 2017, Nature"
932,-6.71,-9.72,"Wang et al 2017, Nature"
944,-6.8,-10.14,"Wang et al 2017, Nature"
957,-6.84,-10.11,"Wang et al 2017, Nature"
969,-6.71,-9.99,"Wang et al 2017, Nature"
982,-7.08,-9.85,"Wang et al 2017, Nature"
994,-6.49,-9.63,"Wang et al 2017, Nature"
1007,-7.06,-10.1,"Wang et al 2017, Nature"
1019,-6.82,-10.34,"Wang et al 2017, Nature"
1032,-7.06,-10.13,"Wang et al 2017, Nature"
1044,-6.68,-9.94,"Wang et al 2017, Nature"
1057,-6.53,-10.07,"Wang et al 2017, Nature"
1069,-6.39,-10.32,"Wang et al 2017, Nature"
1082,-6.48,-10.21,"Wang et al 2017, Nature"
1095,-6.25,-10.2,"Wang et al 2017, Nature"
1108,-6.65,-10.27,"Wang et al 2017, Nature"
1121,-6.91,-10.31,"Wang et al 2017, Nature"
1134,-6.53,-10.22,"Wang et al 2017, Nature"
1147,-6.94,-9.98,"Wang et al 2017, Nature"
1160,-6.6,-9.65,"Wang et al 2017, Nature"
1173,-7.04,-10.08,"Wang et al 2017, Nature"
1186,-6.48,-10.13,"Wang et al 2017, Nature"
1199,-6.57,-10.02,"Wang et al 2017, Nature"
1211,-6.48,-9.84,"Wang et al 2017, Nature"
1224,-6.51,-9.66,"Wang et al 2017, Nature"
1237,-6.79,-9.53,"Wang et al 2017, Nature"
1250,-6.88,-9.69,"Wang et al 2017, Nature"
1263,-6.73,-9.51,"Wang et al 2017, Nature"
1276,-6.6,-9.8,"Wang et al 2017, Nature"
1289,-6.59,-9.71,"Wang et al 2017, Nature"
1302,-6.48,-9.91,"Wang et al 2017, Nature"
1315,-6.35,-9.72,"Wang et al 2017, Nature"
1328,-6.37,-9.9,"Wang et al 2017, Nature"
1341,-6.4,-9.84,"Wang et al 2017, Nature"
1354,-6.58,-10.12,"Wang et al 2017, Nature"
1367,-6.55,-10.02,"Wang et al 2017, Nature"
1380,-6.5,-10.09,"Wang et al 2017, Nature"
1393,-6.55,-9.99,"Wang et al 2017, Nature"
1406,-6.41,-9.79,"Wang et al 2017, Nature"
1419,-6.41,-9.98,"Wang et al 2017, Nature"
1432,-6.24,-9.99,"Wang et al 2017, Nature"
1445,-6.54,-9.96,"Wang et al 2017, Nature"
1458,-6.58,-10.16,"Wang et al 2017, Nature"
1470,-6.63,-10.14,"Wang et al 2017, Nature"
1483,-6.47,-10.17,"Wang et al 2017, Nature"
1496,-6.75,-9.99,"Wang et al 2017, Nature"
1509,-6.62,-10.09,"Wang et al 2017, Nature"
1522,-6.51,-9.7,"Wang et al 2017, Nature"
1535,-6.44,-9.33,"Wang et al 2017, Nature"
1548,-6.14,-9.32,"Wang et al 2017, Nature"
1561,-6.23,-9.59,"Wang et al 2017, Nature"
1574,-6.36,-9.63,"Wang et al 2017, Nature"
1587,-6.42,-9.43,"Wang et al 2017, Nature"
1600,-6.2,-9.19,"Wang et al 2017, Nature"
1612,-6.11,-9.22,"Wang et al 2017, Nature"
1625,-6.36,-9.34,"Wang et al 2017, Nature"
1638,-6.57,-9.6,"Wang et al 2017, Nature"
1651,-6.68,-9.62,"Wang et al 2017, Nature"
1663,-6.58,-9.65,"Wang et al 2017, Nature"
1676,-6.45,-9.81,"Wang et al 2017, Nature"
1689,-6.63,-10.15,"Wang et al 2017, Nature"
1701,-6.59,-9.81,"Wang et al 2017, Nature"
1714,-6.56,-9.47,"Wang et al 2017, Nature"
1727,-6.68,-10.17,"Wang et al 2017, Nature"
1739,-6.49,-10.27,"Wang et al 2017, Nature"
1752,-6.57,-9.94,"Wang et al 2017, Nature"
1765,-6.86,-10.06,"Wang et al 2017, Nature"
1778,-6.63,-10.12,"Wang et al 2017, Nature"
1790,-6.79,-9.87,"Wang et al 2017, Nature"
1803,-7.07,-9.94,"Wang et al 2017, Nature"
1816,-6.84,-9.85,"Wang et al 2017, Nature"
1828,-6.39,-9.71,"Wang et al 2017, Nature"
1841,-6.51,-9.81,"Wang et al 2017, Nature"
1854,-6.61,-9.92,"Wang et al 2017, Nature"
1867,-6.66,-9.93,"Wang et al 2017, Nature"
1879,-6.91,-9.94,"Wang et al 2017, Nature"
1892,-6.88,-9.82,"Wang et al 2017, Nature"
1905,-6.97,-9.89,"Wang et al 2017, Nature"
1917,-6.84,-9.8,"Wang et al 2017, Nature"
1930,-6.91,-9.83,"Wang et al 2017, Nature"
1943,-6.84,-9.77,"Wang et al 2017, Nature"
1955,-6.77,-9.78,"Wang et al 2017, Nature"
1968,-6.88,-9.66,"Wang et al 2017, Nature"
1981,-6.96,-9.64,"Wang et al 2017, Nature"
1994,-6.96,-9.66,"Wang et al 2017, Nature"
2006,-6.98,-9.29,"Wang et al 2017, Nature"
2019,-6.99,-9.27,"Wang et al 2017, Nature"
2032,-6.87,-9.25,"Wang et al 2017, Nature"
2044,-6.5,-9.58,"Wang et al 2017, Nature"
2057,-6.75,-9.64,"Wang et al 2017, Nature"
2070,-6.78,-9.76,"Wang et al 2017, Nature"
2083,-6.69,-9.81,"Wang et al 2017, Nature"
2095,-6.9,-9.93,"Wang et al 2017, Nature"
2108,-6.78,-9.83,"Wang et al 2017, Nature"
2121,-7.27,-9.94,"Wang et al 2017, Nature"
2133,-6.91,-9.98,"Wang et al 2017, Nature"
2146,-6.94,-9.82,"Wang et al 2017, Nature"
2159,-6.99,-10,"Wang et al 2017, Nature"
2172,-6.97,-9.9,"Wang et al 2017, Nature"
2184,-7.31,-9.91,"Wang et al 2017, Nature"
2197,-7.13,-9.52,"Wang et al 2017, Nature"
2210,-7.02,-9.33,"Wang et al 2017, Nature"
2222,-7.07,-9.51,"Wang et al 2017, Nature"
2235,-7.24,-9.63,"Wang et al 2017, Nature"
2248,-7.16,-9.2,"Wang et al 2017, Nature"
2260,-7.08,-9.48,"Wang et al 2017, Nature"
2273,-7.35,-9.47,"Wang et al 2017, Nature"
2286,-6.99,-9.29,"Wang et al 2017, Nature"
2299,-7.13,-9.46,"Wang et al 2017, Nature"
2311,-7.09,-9.53,"Wang et al 2017, Nature"
2324,-7.06,-9.74,"Wang et al 2017, Nature"
2337,-6.78,-9.54,"Wang et al 2017, Nature"
2349,-6.69,-9.44,"Wang et al 2017, Nature"
2357,-6.52,-9.21,"Wang et al 2017, Nature"
2364,-6.81,-9.35,"Wang et al 2017, Nature"
2371,-6.75,-9.44,"Wang et al 2017, Nature"
2379,-6.93,-9.48,"Wang et al 2017, Nature"
2386,-6.9,-9.45,"Wang et al 2017, Nature"
2393,-6.94,-9.01,"Wang et al 2017, Nature"
2401,-7.1,-9.2,"Wang et al 2017, Nature"
2408,-6.86,-9.14,"Wang et al 2017, Nature"
2416,-7.08,-9.07,"Wang et al 2017, Nature"
2423,-6.88,-8.62,"Wang et al 2017, Nature"
2430,-7.19,-8.74,"Wang et al 2017, Nature"
2438,-7.19,-8.63,"Wang et al 2017, Nature"
2445,-7.33,-8.53,"Wang et al 2017, Nature"
2452,-7.01,-8.61,"Wang et al 2017, Nature"
2460,-7.3,-8.66,"Wang et al 2017, Nature"
2467,-7.37,-8.58,"Wang et al 2017, Nature"
2474,-7.26,-8.93,"Wang et al 2017, Nature"
2482,-7.3,-9.11,"Wang et al 2017, Nature"
2489,-7.13,-8.72,"Wang et al 2017, Nature"
2496,-7.28,-9,"Wang et al 2017, Nature"
2504,-7.12,-8.8,"Wang et al 2017, Nature"
2511,-7.09,-8.82,"Wang et al 2017, Nature"
2518,-7,-8.94,"Wang et al 2017, Nature"
2526,-7.62,-8.95,"Wang et al 2017, Nature"
2533,-7.35,-8.91,"Wang et al 2017, Nature"
2540,-7.07,-8.99,"Wang et al 2017, Nature"
2548,-7.43,-9.1,"Wang et al 2017, Nature"
2555,-7.05,-8.98,"Wang et al 2017, Nature"
2562,-6.88,-8.9,"Wang et al 2017, Nature"
2570,-6.92,-8.87,"Wang et al 2017, Nature"
2577,-6.9,-8.68,"Wang et al 2017, Nature"
2585,-7.03,-8.88,"Wang et al 2017, Nature"
2592,-7.07,-9.52,"Wang et al 2017, Nature"
2599,-7.37,-9.33,"Wang et al 2017, Nature"
2607,-7.21,-9.08,"Wang et al 2017, Nature"
2614,-6.78,-9.26,"Wang et al 2017, Nature"
2621,-6.87,-9.25,"Wang et al 2017, Nature"
2629,-6.86,-9.45,"Wang et al 2017, Nature"
2636,-6.8,-9.54,"Wang et al 2017, Nature"
2643,-6.99,-9.5,"Wang et al 2017, Nature"
2651,-7,-9.16,"Wang et al 2017, Nature"
2663,-7.23,-8.95,"Wang et al 2017, Nature"
2676,-7.09,-8.95,"Wang et al 2017, Nature"
2689,-7.16,-8.88,"Wang et al 2017, Nature"
2701,-7.14,-8.86,"Wang et al 2017, Nature"
2714,-7.34,-9.15,"Wang et al 2017, Nature"
2726,-7,-9.2,"Wang et al 2017, Nature"
2739,-7.12,-9.32,"Wang et al 2017, Nature"
2752,-7.67,-9.06,"Wang et al 2017, Nature"
2764,-7.54,-8.8,"Wang et al 2017, Nature"
2777,-7.36,-8.69,"Wang et al 2017, Nature"
2790,-7.16,-9.06,"Wang et al 2017, Nature"
2802,-7.15,-8.83,"Wang et al 2017, Nature"
2815,-6.84,-9.04,"Wang et al 2017, Nature"
2827,-7.11,-8.89,"Wang et al 2017, Nature"
2840,-7.14,-8.46,"Wang et al 2017, Nature"
2853,-6.93,-8.52,"Wang et al 2017, Nature"
2865,-7.28,-8.58,"Wang et al 2017, Nature"
2878,-6.83,-8.3,"Wang et al 2017, Nature"
2891,-7.13,-8.85,"Wang et al 2017, Nature"
2903,-7.32,-8.76,"Wang et al 2017, Nature"
2916,-7.03,-8.31,"Wang et al 2017, Nature"
2928,-7,-8.35,"Wang et al 2017, Nature"
2941,-7.49,-8.57,"Wang et al 2017, Nature"
2954,-6.74,-7.97,"Wang et al 2017, Nature"
2966,-6.86,-7.81,"Wang et al 2017, Nature"
2979,-6.79,-8.39,"Wang et al 2017, Nature"
2992,-6.75,-8.34,"Wang et al 2017, Nature"
3004,-6.91,-8.37,"Wang et al 2017, Nature"
3017,-6.89,-8.28,"Wang et al 2017, Nature"
3023,-7.03,-8.58,"Wang et al 2017, Nature"
3028,-7.06,-8.56,"Wang et al 2017, Nature"
3034,-7.3,-8.91,"Wang et al 2017, Nature"
3040,-7.48,-9.17,"Wang et al 2017, Nature"
3046,-6.94,-8.32,"Wang et al 2017, Nature"
3052,-7.17,-8.93,"Wang et al 2017, Nature"
3058,-7.12,-9.16,"Wang et al 2017, Nature"
3064,-6.98,-8.57,"Wang et al 2017, Nature"
3070,-7.11,-8.77,"Wang et al 2017, Nature"
3075,-7.32,-8.97,"Wang et al 2017, Nature"
3081,-7.12,-9.14,"Wang et al 2017, Nature"
3087,-7.51,-8.95,"Wang et al 2017, Nature"
3093,-7.39,-8.94,"Wang et al 2017, Nature"
3099,-7.26,-9.11,"Wang et al 2017, Nature"
3105,-6.78,-8.64,"Wang et al 2017, Nature"
3111,-6.98,-8.85,"Wang et al 2017, Nature"
3116,-7.03,-8.98,"Wang et al 2017, Nature"
3122,-6.92,-8.97,"Wang et al 2017, Nature"
3128,-7.13,-8.79,"Wang et al 2017, Nature"
3134,-7.07,-8.83,"Wang et al 2017, Nature"
3140,-7.18,-8.84,"Wang et al 2017, Nature"
3146,-7.21,-8.71,"Wang et al 2017, Nature"
3152,-7.37,-8.87,"Wang et al 2017, Nature"
3157,-6.97,-8.79,"Wang et al 2017, Nature"
3163,-6.99,-8.76,"Wang et al 2017, Nature"
3169,-7.07,-8.79,"Wang et al 2017, Nature"
3175,-7.11,-8.94,"Wang et al 2017, Nature"
3181,-6.91,-9.04,"Wang et al 2017, Nature"
3187,-7.08,-9,"Wang et al 2017, Nature"
3193,-6.95,-8.98,"Wang et al 2017, Nature"
3198,-7.26,-9.03,"Wang et al 2017, Nature"
3204,-7.15,-9.02,"Wang et al 2017, Nature"
3210,-7.54,-9.16,"Wang et al 2017, Nature"
3216,-7.2,-9.41,"Wang et al 2017, Nature"
3222,-7.27,-9.35,"Wang et al 2017, Nature"
3228,-7.42,-9.25,"Wang et al 2017, Nature"
3234,-7.42,-9.29,"Wang et al 2017, Nature"
3239,-7.48,-9.37,"Wang et al 2017, Nature"
3245,-7.17,-9.28,"Wang et al 2017, Nature"
3251,-7.17,-9.41,"Wang et al 2017, Nature"
3259,-7.27,-9.62,"Wang et al 2017, Nature"
3267,-7.25,-9.79,"Wang et al 2017, Nature"
3275,-7.21,-9.12,"Wang et al 2017, Nature"
3283,-7.32,-9.2,"Wang et al 2017, Nature"
3291,-7.24,-9.32,"Wang et al 2017, Nature"
3299,-7.27,-9.43,"Wang et al 2017, Nature"
3307,-7.21,-9.82,"Wang et al 2017, Nature"
3316,-7.39,-9.69,"Wang et al 2017, Nature"
3324,,,"Wang et al 2017, Nature"
3332,-7.05,-9.82,"Wang et al 2017, Nature"
3340,-7.48,-9.78,"Wang et al 2017, Nature"
3348,-7.33,-9.88,"Wang et al 2017, Nature"
3356,-7.3,-9.78,"Wang et al 2017, Nature"
3364,-7.31,-9.47,"Wang et al 2017, Nature"
3372,-7.33,-9.82,"Wang et al 2017, Nature"
3380,-7.37,-9.96,"Wang et al 2017, Nature"
3388,-7.23,-9.86,"Wang et al 2017, Nature"
3396,-7.06,-10.05,"Wang et al 2017, Nature"
3404,-7.03,-9.76,"Wang et al 2017, Nature"
3412,-6.97,-8.98,"Wang et al 2017, Nature"
3420,-6.94,-9.43,"Wang et al 2017, Nature"
3428,-7.6,-9.55,"Wang et al 2017, Nature"
3436,-7.53,-9.32,"Wang et al 2017, Nature"
3444,-7.6,-9.38,"Wang et al 2017, Nature"
3452,-7.39,-9.48,"Wang et al 2017, Nature"
3460,-7.5,-9.39,"Wang et al 2017, Nature"
3468,-7.41,-9.38,"Wang et al 2017, Nature"
3476,-7.77,-9.3,"Wang et al 2017, Nature"
3484,-7.43,-9.25,"Wang et al 2017, Nature"
3492,-7.51,-9.38,"Wang et al 2017, Nature"
3501,-7.6,-9.49,"Wang et al 2017, Nature"
3510,-7.64,-9.39,"Wang et al 2017, Nature"
3519,-7.37,-9.44,"Wang et al 2017, Nature"
3528,-6.77,-9.1,"Wang et al 2017, Nature"
3537,-7.39,-9.39,"Wang et al 2017, Nature"
3546,-7.44,-9.26,"Wang et al 2017, Nature"
3555,-7.35,-9.24,"Wang et al 2017, Nature"
3564,-7.46,-9.32,"Wang et al 2017, Nature"
3573,-7.38,-9.48,"Wang et al 2017, Nature"
3582,-7.11,-9.34,"Wang et al 2017, Nature"
3591,-7.53,-9.24,"Wang et al 2017, Nature"
3600,-7.88,-9.67,"Wang et al 2017, Nature"
3609,-7.82,-9.58,"Wang et al 2017, Nature"
3617,-7.65,-9.57,"Wang et al 2017, Nature"
3626,-8.12,-9.75,"Wang et al 2017, Nature"
3635,-7.54,-9.76,"Wang et al 2017, Nature"
3644,-7.48,-9.65,"Wang et al 2017, Nature"
3653,-7.47,-9.47,"Wang et al 2017, Nature"
3662,-7.38,-9.33,"Wang et al 2017, Nature"
3671,-7.37,-9.4,"Wang et al 2017, Nature"
3680,-7.57,-9.37,"Wang et al 2017, Nature"
3689,-7.41,-9.42,"Wang et al 2017, Nature"
3698,-7.75,-9.56,"Wang et al 2017, Nature"
3707,-7.57,-9.29,"Wang et al 2017, Nature"
3716,-7.39,-9.28,"Wang et al 2017, Nature"
3725,-7.62,-9.7,"Wang et al 2017, Nature"
3734,-7.42,-9.79,"Wang et al 2017, Nature"
3743,-7.18,-9.73,"Wang et al 2017, Nature"
3751,-7.43,-9.55,"Wang et al 2017, Nature"
3760,-7.66,-9.61,"Wang et al 2017, Nature"
3769,-7.58,-9.56,"Wang et al 2017, Nature"
3778,-7.22,-9.5,"Wang et al 2017, Nature"
3787,-7.37,-9.69,"Wang et al 2017, Nature"
3796,-7.62,-9.68,"Wang et al 2017, Nature"
3805,-7.37,-9.78,"Wang et al 2017, Nature"
3814,-7,-9.15,"Wang et al 2017, Nature"
3823,-7.57,-9.17,"Wang et al 2017, Nature"
3832,-7.42,-9.11,"Wang et al 2017, Nature"
3841,-7.39,-9.22,"Wang et al 2017, Nature"
3850,-7.51,-9.55,"Wang et al 2017, Nature"
3859,-7.17,-9.24,"Wang et al 2017, Nature"
3869,-7.43,-8.99,"Wang et al 2017, Nature"
3878,-7.71,-9.17,"Wang et al 2017, Nature"
3888,-7.57,-9.09,"Wang et al 2017, Nature"
3897,-7.73,-9.12,"Wang et al 2017, Nature"
3907,-7.54,-9.06,"Wang et al 2017, Nature"
3917,-7.5,-9.05,"Wang et al 2017, Nature"
3926,-7.59,-9.35,"Wang et al 2017, Nature"
3936,-7.68,-9.23,"Wang et al 2017, Nature"
3945,-7.55,-9.25,"Wang et al 2017, Nature"
3955,-7.7,-9.18,"Wang et al 2017, Nature"
3964,-7.84,-8.98,"Wang et al 2017, Nature"
3974,-7.64,-9.13,"Wang et al 2017, Nature"
3983,-7.67,-9.08,"Wang et al 2017, Nature"
3993,-7.68,-9.21,"Wang et al 2017, Nature"
4003,-7.76,-9.35,"Wang et al 2017, Nature"
4012,-7.74,-9.44,"Wang et al 2017, Nature"
4022,-7.6,-9.3,"Wang et al 2017, Nature"
4031,-7.66,-9.29,"Wang et al 2017, Nature"
4041,-8.03,-9.32,"Wang et al 2017, Nature"
4050,-7.92,-9.24,"Wang et al 2017, Nature"
4060,-7.96,-9.21,"Wang et al 2017, Nature"
4069,-8.02,-9.17,"Wang et al 2017, Nature"
4079,-7.87,-9.16,"Wang et al 2017, Nature"
4089,-7.94,-9.37,"Wang et al 2017, Nature"
4098,-7.79,-9.16,"Wang et al 2017, Nature"
4108,-7.85,-9.22,"Wang et al 2017, Nature"
4117,-7.99,-9.14,"Wang et al 2017, Nature"
4127,-7.91,-9.23,"Wang et al 2017, Nature"
4136,-7.83,-9.4,"Wang et al 2017, Nature"
4146,-7.89,-9.19,"Wang et al 2017, Nature"
4155,-7.94,-9.1,"Wang et al 2017, Nature"
4165,-8.18,-9.12,"Wang et al 2017, Nature"
4174,-8.23,-9.1,"Wang et al 2017, Nature"
4184,-7.95,-8.86,"Wang et al 2017, Nature"
4194,-7.98,-9.06,"Wang et al 2017, Nature"
4203,-7.92,-8.97,"Wang et al 2017, Nature"
4213,-8,-8.92,"Wang et al 2017, Nature"
4222,-8.07,-8.92,"Wang et al 2017, Nature"
4232,-7.87,-9,"Wang et al 2017, Nature"
4241,-7.68,-8.84,"Wang et al 2017, Nature"
4251,-8,-9.13,"Wang et al 2017, Nature"
4260,-8.32,-9.09,"Wang et al 2017, Nature"
4270,-8.47,-9.06,"Wang et al 2017, Nature"
4280,-8.43,-9.16,"Wang et al 2017, Nature"
4289,-8.11,-8.92,"Wang et al 2017, Nature"
4299,-8.11,-9,"Wang et al 2017, Nature"
4308,-7.92,-9.18,"Wang et al 2017, Nature"
4318,-8.09,-9.2,"Wang et al 2017, Nature"
4327,-7.82,-9.12,"Wang et al 2017, Nature"
4337,-8.01,-9.12,"Wang et al 2017, Nature"
4346,-7.96,-9.4,"Wang et al 2017, Nature"
4356,-7.96,-9.27,"Wang et al 2017, Nature"
4365,-8.09,-9.19,"Wang et al 2017, Nature"
4375,-8.15,-9.22,"Wang et al 2017, Nature"
4385,-8.11,-9.29,"Wang et al 2017, Nature"
4394,-8.21,-9.39,"Wang et al 2017, Nature"
4404,-8.38,-9.48,"Wang et al 2017, Nature"
4413,-7.92,-9.35,"Wang et al 2017, Nature"
4423,-7.83,-9.52,"Wang et al 2017, Nature"
4433,-7.66,-9.27,"Wang et al 2017, Nature"
4443,-7.65,-9.23,"Wang et al 2017, Nature"
4453,-7.89,-9.14,"Wang et al 2017, Nature"
4463,-7.73,-8.96,"Wang et al 2017, Nature"
4473,-8.02,-9.24,"Wang et al 2017, Nature"
4482,-8.06,-9.13,"Wang et al 2017, Nature"
4492,-7.67,-9.08,"Wang et al 2017, Nature"
4502,-7.8,-9.07,"Wang et al 2017, Nature"
4512,-8.13,-9.04,"Wang et al 2017, Nature"
4522,-8.08,-8.76,"Wang et al 2017, Nature"
4532,-8.13,-8.82,"Wang et al 2017, Nature"
4542,-8.25,-9.12,"Wang et al 2017, Nature"
4552,-8.24,-9.13,"Wang et al 2017, Nature"
4562,-8.12,-9.15,"Wang et al 2017, Nature"
4572,-8.03,-9.14,"Wang et al 2017, Nature"
4582,-8.02,-9.05,"Wang et al 2017, Nature"
4592,-7.94,-9.07,"Wang et al 2017, Nature"
4602,-7.84,-9.15,"Wang et al 2017, Nature"
4612,-7.81,-8.96,"Wang et al 2017, Nature"
4622,-7.88,-9.01,"Wang et al 2017, Nature"
4632,-8.03,-8.87,"Wang et al 2017, Nature"
4642,-7.94,-8.94,"Wang et al 2017, Nature"
4651,-8.12,-9.08,"Wang et al 2017, Nature"
4661,-7.91,-9.01,"Wang et al 2017, Nature"
4671,-8.1,-9.03,"Wang et al 2017, Nature"
4681,-8.31,-9.07,"Wang et al 2017, Nature"
4691,-7.66,-9.21,"Wang et al 2017, Nature"
4701,-7.54,-9.23,"Wang et al 2017, Nature"
4711,-7.69,-8.86,"Wang et al 2017, Nature"
4721,-7.86,-8.84,"Wang et al 2017, Nature"
4726,-7.7,-9.09,"Wang et al 2017, Nature"
4730,-7.56,-9.03,"Wang et al 2017, Nature"
4735,-7.58,-8.98,"Wang et al 2017, Nature"
4739,-7.57,-9,"Wang et al 2017, Nature"
4744,-7.9,-9.06,"Wang et al 2017, Nature"
4748,-8.04,-8.87,"Wang et al 2017, Nature"
4753,-7.95,-8.89,"Wang et al 2017, Nature"
4757,-7.98,-8.96,"Wang et al 2017, Nature"
4762,-7.92,-9.02,"Wang et al 2017, Nature"
4766,-7.93,-8.83,"Wang et al 2017, Nature"
4771,-7.82,-8.76,"Wang et al 2017, Nature"
4775,-8.08,-9.15,"Wang et al 2017, Nature"
4780,-8.12,-9.14,"Wang et al 2017, Nature"
4784,-7.74,-9.17,"Wang et al 2017, Nature"
4789,-7.82,-9.17,"Wang et al 2017, Nature"
4793,-7.92,-9.08,"Wang et al 2017, Nature"
4798,-8.07,-9.09,"Wang et al 2017, Nature"
4802,-8.19,-9.06,"Wang et al 2017, Nature"
4807,-8.12,-9.28,"Wang et al 2017, Nature"
4812,-7.92,-9.03,"Wang et al 2017, Nature"
-48,-5.93,-10.03,"Wang et al 2017, Nature"
-42,-6.18,-9.81,"Wang et al 2017, Nature"
-37,-6.25,-9.18,"Wang et al 2017, Nature"
-31,-5.58,-8.98,"Wang et al 2017, Nature"
-25,-6.08,-8.82,"Wang et al 2017, Nature"
-19,-6.24,-9.18,"Wang et al 2017, Nature"
-13,-6.01,-9.06,"Wang et al 2017, Nature"
-8,-6.17,-9.43,"Wang et al 2017, Nature"
-2,-5.58,-9.38,"Wang et al 2017, Nature"
4,-6.12,-9.53,"Wang et al 2017, Nature"
9,-5.85,-9.02,"Wang et al 2017, Nature"
14,-5.81,-8.95,"Wang et al 2017, Nature"
19,-5.51,-8.74,"Wang et al 2017, Nature"
24,-5.58,-8.29,"Wang et al 2017, Nature"
29,-5.69,-8.65,"Wang et al 2017, Nature"
34,-5.84,-8.3,"Wang et al 2017, Nature"
39,-6.03,-9.13,"Wang et al 2017, Nature"
44,-5.38,-8.24,"Wang et al 2017, Nature"
50,-5.1,-7.72,"Wang et al 2017, Nature"
55,-5.33,-8.15,"Wang et al 2017, Nature"
62,-5.8,-8.07,"Wang et al 2017, Nature"
69,-6.2,-8.44,"Wang et al 2017, Nature"
77,-5.44,-8.8,"Wang et al 2017, Nature"
84,-5.32,-8.25,"Wang et al 2017, Nature"
92,-5.59,-8.12,"Wang et al 2017, Nature"
99,-5.37,-8.44,"Wang et al 2017, Nature"
106,-5.46,-8.94,"Wang et al 2017, Nature"
114,-5.17,-8.03,"Wang et al 2017, Nature"
121,-5.44,-8.62,"Wang et al 2017, Nature"
128,-5.51,-9.12,"Wang et al 2017, Nature"
136,-5.31,-8.36,"Wang et al 2017, Nature"
143,-5.63,-8.96,"Wang et al 2017, Nature"
151,-5.73,-9.36,"Wang et al 2017, Nature"
158,-5.74,-8.54,"Wang et al 2017, Nature"
165,-6.18,-8.93,"Wang et al 2017, Nature"
173,-6.27,-9.38,"Wang et al 2017, Nature"
180,-5.77,-8.67,"Wang et al 2017, Nature"
188,-5.75,-8.98,"Wang et al 2017, Nature"
195,-5.53,-8.49,"Wang et al 2017, Nature"
202,-4.73,-6.5,"Wang et al 2017, Nature"
210,-5.65,-7.54,"Wang et al 2017, Nature"
218,-5.63,-8.19,"Wang et al 2017, Nature"
226,-5.06,-7.79,"Wang et al 2017, Nature"
234,-5.47,-8.2,"Wang et al 2017, Nature"
243,-5.5,-8.02,"Wang et al 2017, Nature"
251,-5.55,-8.66,"Wang et al 2017, Nature"
259,-6.03,-8.79,"Wang et al 2017, Nature"
267,-4.97,-7.98,"Wang et al 2017, Nature"
275,-5.26,-8.12,"Wang et al 2017, Nature"
283,-5.41,-8.26,"Wang et al 2017, Nature"
291,-4.92,-8.26,"Wang et al 2017, Nature"
299,-4.86,-8.51,"Wang et al 2017, Nature"
307,-5.19,-7.96,"Wang et al 2017, Nature"
315,-5.35,-8.76,"Wang et al 2017, Nature"
323,-5.12,-8.42,"Wang et al 2017, Nature"
331,-4.91,-7.79,"Wang et al 2017, Nature"
339,-5.19,-8.6,"Wang et al 2017, Nature"
347,-5.2,-8.7,"Wang et al 2017, Nature"
355,-5.22,-9.07,"Wang et al 2017, Nature"
363,-5,-8.75,"Wang et al 2017, Nature"
371,-5.29,-8.58,"Wang et al 2017, Nature"
379,-5.06,-8.55,"Wang et al 2017, Nature"
387,-5.02,-8.45,"Wang et al 2017, Nature"
395,-5.5,-8.28,"Wang et al 2017, Nature"
403,-6.2,-9.19,"Wang et al 2017, Nature"
407,-5.31,-8.08,"Wang et al 2017, Nature"
411,-5.26,-8.46,"Wang et al 2017, Nature"
414,-5.28,-9.2,"Wang et al 2017, Nature"
418,-4.98,-8.65,"Wang et al 2017, Nature"
422,-5.66,-9.23,"Wang et al 2017, Nature"
425,-5.49,-8.46,"Wang et al 2017, Nature"
429,-5.26,-8.85,"Wang et al 2017, Nature"
433,-5.6,-8.55,"Wang et al 2017, Nature"
437,-5.67,-8.91,"Wang et al 2017, Nature"
440,-5.87,-9.38,"Wang et al 2017, Nature"
444,-5.84,-9.3,"Wang et al 2017, Nature"
448,-5.69,-9.13,"Wang et al 2017, Nature"
451,-5.74,-9.24,"Wang et al 2017, Nature"
455,-5.6,-9.34,"Wang et al 2017, Nature"
459,-6.05,-9.69,"Wang et al 2017, Nature"
462,-6.17,-9.38,"Wang et al 2017, Nature"
466,-5.95,-9.31,"Wang et al 2017, Nature"
470,-6.15,-9.5,"Wang et al 2017, Nature"
473,-5.73,-8.92,"Wang et al 2017, Nature"
477,-5.94,-9.55,"Wang et al 2017, Nature"
481,-5.86,-9.34,"Wang et al 2017, Nature"
484,-5.63,-9.12,"Wang et al 2017, Nature"
488,-5.83,-9.55,"Wang et al 2017, Nature"
492,-5.61,-8.95,"Wang et al 2017, Nature"
495,-5.93,-9.03,"Wang et al 2017, Nature"
499,-5.91,-9.06,"Wang et al 2017, Nature"
503,-5.89,-8.59,"Wang et al 2017, Nature"
506,-6.37,-9.07,"Wang et al 2017, Nature"
510,-5.78,-8.8,"Wang et al 2017, Nature"
514,-5.6,-8.75,"Wang et al 2017, Nature"
517,-5.8,-9.35,"Wang et al 2017, Nature"
521,-5.58,-9.26,"Wang et al 2017, Nature"
525,-5.83,-9.29,"Wang et al 2017, Nature"
529,-5.93,-9.24,"Wang et al 2017, Nature"
532,-6.29,-9.48,"Wang et al 2017, Nature"
536,-6.36,-9.6,"Wang et al 2017, Nature"
539,-6.16,-9.47,"Wang et al 2017, Nature"
542,-5.38,-9.18,"Wang et al 2017, Nature"
545,-5.58,-9.26,"Wang et al 2017, Nature"
549,-5.73,-9.15,"Wang et al 2017, Nature"
552,-5.39,-8.7,"Wang et al 2017, Nature"
555,-5.43,-8.85,"Wang et al 2017, Nature"
559,-5.59,-9.38,"Wang et al 2017, Nature"
562,-5.86,-9.4,"Wang et al 2017, Nature"
565,-5.86,-9.71,"Wang et al 2017, Nature"
569,-5.94,-9.22,"Wang et al 2017, Nature"
572,-6.3,-9.31,"Wang et al 2017, Nature"
575,-6.2,-9.31,"Wang et al 2017, Nature"
579,-6.17,-9.04,"Wang et al 2017, Nature"
582,-6.03,-9.41,"Wang et al 2017, Nature"
585,-5.75,-9.46,"Wang et al 2017, Nature"
589,-6.02,-9.5,"Wang et al 2017, Nature"
592,-5.83,-9.5,"Wang et al 2017, Nature"
595,-5.99,-9.1,"Wang et al 2017, Nature"
599,-6.22,-9.32,"Wang et al 2017, Nature"
605,-5.98,-9.2,"Wang et al 2017, Nature"
612,-5.82,-8.49,"Wang et al 2017, Nature"
619,-5.67,-8.78,"Wang et al 2017, Nature"
626,-5.66,-9.32,"Wang et al 2017, Nature"
633,-5.82,-9.45,"Wang et al 2017, Nature"
639,-6.19,-9.42,"Wang et al 2017, Nature"
646,-6.3,-9.1,"Wang et al 2017, Nature"
653,-5.72,-8.89,"Wang et al 2017, Nature"
660,-5.65,-8.79,"Wang et al 2017, Nature"
666,-5.8,-8.59,"Wang et al 2017, Nature"
673,-5.99,-8.67,"Wang et al 2017, Nature"
680,-5.67,-8.39,"Wang et al 2017, Nature"
687,-5.78,-8.49,"Wang et al 2017, Nature"
694,-6.15,-9.21,"Wang et al 2017, Nature"
700,-5.85,-9.11,"Wang et al 2017, Nature"
707,-5.86,-8.96,"Wang et al 2017, Nature"
714,-5.84,-8.81,"Wang et al 2017, Nature"
721,-5.86,-8.81,"Wang et al 2017, Nature"
728,-6.24,-9.02,"Wang et al 2017, Nature"
734,-6.62,-9.39,"Wang et al 2017, Nature"
741,-6.74,-9.43,"Wang et al 2017, Nature"
748,-6.82,-9.19,"Wang et al 2017, Nature"
755,-6.43,-9.06,"Wang et al 2017, Nature"
762,-6.25,-9.22,"Wang et al 2017, Nature"
768,-5.99,-9.74,"Wang et al 2017, Nature"
40683,-3.85,-6.42,"Wang et al 2017, Nature"
40721,-3.76,-6.51,"Wang et al 2017, Nature"
40759,-3.78,-6.93,"Wang et al 2017, Nature"
40797,-3.68,-7.04,"Wang et al 2017, Nature"
40835,-3.93,-6.55,"Wang et al 2017, Nature"
40873,-4.15,-7.23,"Wang et al 2017, Nature"
40911,-3.72,-6.49,"Wang et al 2017, Nature"
40949,-3.98,-7.6,"Wang et al 2017, Nature"
40987,-3.21,-6.42,"Wang et al 2017, Nature"
41025,-3.62,-6.96,"Wang et al 2017, Nature"
41064,-3.46,-6.8,"Wang et al 2017, Nature"
41102,-3.65,-7.75,"Wang et al 2017, Nature"
41140,-3.58,-6.68,"Wang et al 2017, Nature"
41178,-3.75,-6.68,"Wang et al 2017, Nature"
41216,-3.7,-6.22,"Wang et al 2017, Nature"
41254,-3.54,-6.59,"Wang et al 2017, Nature"
41292,-3.16,-5.66,"Wang et al 2017, Nature"
41330,-3.42,-5.92,"Wang et al 2017, Nature"
41368,-3.4,-5.31,"Wang et al 2017, Nature"
41406,-3.59,-6.53,"Wang et al 2017, Nature"
41444,-3.46,-5.02,"Wang et al 2017, Nature"
41465,-3.62,-5.75,"Wang et al 2017, Nature"
41485,-3.62,-6.05,"Wang et al 2017, Nature"
41506,-3.42,-5.07,"Wang et al 2017, Nature"
41527,-3.36,-5.52,"Wang et al 2017, Nature"
41547,-3.39,-5.91,"Wang et al 2017, Nature"
41568,-3.66,-6.5,"Wang et al 2017, Nature"
41589,-3.91,-5.94,"Wang et al 2017, Nature"
41609,-3.79,-5.35,"Wang et al 2017, Nature"
41630,-3.48,-3.57,"Wang et al 2017, Nature"
41651,-3.8,-4.46,"Wang et al 2017, Nature"
41671,-3.72,-4.24,"Wang et al 2017, Nature"
41692,-3.82,-3.69,"Wang et al 2017, Nature"
41713,-3.5,-3.44,"Wang et al 2017, Nature"
41733,-3.45,-3.02,"Wang et al 2017, Nature"
41754,-3.6,-4.35,"Wang et al 2017, Nature"
41775,-3.93,-5.36,"Wang et al 2017, Nature"
41819,-4.27,-6.69,"Wang et al 2017, Nature"
41864,-4.33,-6.08,"Wang et al 2017, Nature"
41908,-4.53,-6.19,"Wang et al 2017, Nature"
41953,-4.45,-7.81,"Wang et al 2017, Nature"
41997,-4.53,-7.09,"Wang et al 2017, Nature"
42042,-4.46,-7.44,"Wang et al 2017, Nature"
42086,-4.42,-7.98,"Wang et al 2017, Nature"
42131,-4.15,-7.39,"Wang et al 2017, Nature"
42175,-4.29,-7.64,"Wang et al 2017, Nature"
42220,-4.06,-8.11,"Wang et al 2017, Nature"
42237,-4.71,-8.22,"Wang et al 2017, Nature"
42255,-4.23,-8.28,"Wang et al 2017, Nature"
42272,-4.39,-7.92,"Wang et al 2017, Nature"
42289,-4.36,-7.9,"Wang et al 2017, Nature"
42307,-4.2,-8.29,"Wang et al 2017, Nature"
42324,-4.08,-8.31,"Wang et al 2017, Nature"
42342,-4.12,-7.06,"Wang et al 2017, Nature"
42359,-3.89,-6.98,"Wang et al 2017, Nature"
42376,-4.23,-7.63,"Wang et al 2017, Nature"
42394,-4.96,-7.78,"Wang et al 2017, Nature"
42411,-3.84,-6.88,"Wang et al 2017, Nature"
42428,-4.12,-6.56,"Wang et al 2017, Nature"
42446,-4.1,-6.11,"Wang et al 2017, Nature"
42463,-4.17,-6.77,"Wang et al 2017, Nature"
42481,-4.25,-5.74,"Wang et al 2017, Nature"
42498,-4.34,-6.21,"Wang et al 2017, Nature"
42515,-3.62,-5.19,"Wang et al 2017, Nature"
42533,-3.56,-4.59,"Wang et al 2017, Nature"
42550,-3.55,-4.62,"Wang et al 2017, Nature"
42567,-3.87,-5.22,"Wang et al 2017, Nature"
42585,-3.39,-4.39,"Wang et al 2017, Nature"
42639,-3.56,-5.3,"Wang et al 2017, Nature"
42692,-2.92,-3.27,"Wang et al 2017, Nature"
42746,-2.76,-3.7,"Wang et al 2017, Nature"
42789,-3.25,-4.3,"Wang et al 2017, Nature"
42832,-3.38,-4.01,"Wang et al 2017, Nature"
42875,-3.23,-3.94,"Wang et al 2017, Nature"
42918,-3.41,-5.09,"Wang et al 2017, Nature"
42962,-3.28,-4.78,"Wang et al 2017, Nature"
43005,-3.25,-4.36,"Wang et al 2017, Nature"
43048,-3.45,-4.64,"Wang et al 2017, Nature"
43091,-3.39,-3.7,"Wang et al 2017, Nature"
43145,-3.36,-3.74,"Wang et al 2017, Nature"
43200,-3.21,-3.42,"Wang et al 2017, Nature"
43254,-3.59,-3.94,"Wang et al 2017, Nature"
43309,-3.27,-4.08,"Wang et al 2017, Nature"
43363,-3.29,-3.37,"Wang et al 2017, Nature"
43417,-3.59,-3.55,"Wang et al 2017, Nature"
43472,-2.9,-2.16,"Wang et al 2017, Nature"
43526,-2.83,-2.71,"Wang et al 2017, Nature"
43581,-3.02,-3.32,"Wang et al 2017, Nature"
44092,-3.83,-4.83,"Wang et al 2017, Nature"
44108,-4.29,-5.82,"Wang et al 2017, Nature"
44125,-4.11,-8.1,"Wang et al 2017, Nature"
44141,-4.19,-7.1,"Wang et al 2017, Nature"
44157,-4.41,-7.54,"Wang et al 2017, Nature"
44173,-4.27,-7.23,"Wang et al 2017, Nature"
44189,-4.74,-7.51,"Wang et al 2017, Nature"
44206,-4.18,-6.13,"Wang et al 2017, Nature"
44222,-4.62,-6.88,"Wang et al 2017, Nature"
44238,-4.39,-7.38,"Wang et al 2017, Nature"
44254,-4.4,-7.81,"Wang et al 2017, Nature"
44271,-4.91,-8.06,"Wang et al 2017, Nature"
44287,-4.53,-7.62,"Wang et al 2017, Nature"
44303,-4.2,-8.02,"Wang et al 2017, Nature"
44319,-4.07,-7.4,"Wang et al 2017, Nature"
44364,-3.99,-7.79,"Wang et al 2017, Nature"
44410,-3.88,-7.64,"Wang et al 2017, Nature"
44455,-4.21,-6.39,"Wang et al 2017, Nature"
44500,-3.96,-7.17,"Wang et al 2017, Nature"
44545,-3.97,-7.6,"Wang et al 2017, Nature"
44591,-3.96,-7.28,"Wang et al 2017, Nature"
44636,-4.15,-7.87,"Wang et al 2017, Nature"
17957,-3.49,-9.57,"Wang et al 2017, Nature"
17975,-3,-10.33,"Wang et al 2017, Nature"
17993,-2.56,-10.08,"Wang et al 2017, Nature"
18011,-2.69,-10.04,"Wang et al 2017, Nature"
18029,-2.7,-10.02,"Wang et al 2017, Nature"
18108,-2.58,-9.68,"Wang et al 2017, Nature"
18187,-2.56,-9.5,"Wang et al 2017, Nature"
18265,-2.63,-9.14,"Wang et al 2017, Nature"
18344,-2.76,-9.13,"Wang et al 2017, Nature"
18423,-2.77,-9.5,"Wang et al 2017, Nature"
18441,-2.37,-9.39,"Wang et al 2017, Nature"
18460,-2.62,-9.13,"Wang et al 2017, Nature"
18478,-2.64,-9.55,"Wang et al 2017, Nature"
18497,-2.64,-9.36,"Wang et al 2017, Nature"
18516,-2.44,-9.53,"Wang et al 2017, Nature"
18534,-2.49,-9.41,"Wang et al 2017, Nature"
18553,-2.45,-9.3,"Wang et al 2017, Nature"
18571,-2.52,-9.47,"Wang et al 2017, Nature"
18590,-2.71,-9.31,"Wang et al 2017, Nature"
18609,-2.88,-9.22,"Wang et al 2017, Nature"
18627,-2.6,-9.7,"Wang et al 2017, Nature"
18646,-2.6,-9.43,"Wang et al 2017, Nature"
18664,-2.54,-9.32,"Wang et al 2017, Nature"
18683,-2.55,-9.53,"Wang et al 2017, Nature"
18702,-2.58,-9.47,"Wang et al 2017, Nature"
18720,-2.66,-9.5,"Wang et al 2017, Nature"
18739,-2.55,-9.64,"Wang et al 2017, Nature"
18757,-2.68,-9.79,"Wang et al 2017, Nature"
18776,-2.69,-9.68,"Wang et al 2017, Nature"
18795,-2.55,-9.52,"Wang et al 2017, Nature"
18813,-2.53,-9.51,"Wang et al 2017, Nature"
18832,-2.91,-9.8,"Wang et al 2017, Nature"
18850,-2.76,-9.72,"Wang et al 2017, Nature"
18869,-2.58,-9.7,"Wang et al 2017, Nature"
18888,-2.88,-9.58,"Wang et al 2017, Nature"
18906,-2.46,-9.46,"Wang et al 2017, Nature"
18945,-2.65,-9.38,"Wang et al 2017, Nature"
18983,-2.41,-9.26,"Wang et al 2017, Nature"
19022,-2.55,-9.43,"Wang et al 2017, Nature"
19061,-2.42,-9.04,"Wang et al 2017, Nature"
19099,-2.32,-9.12,"Wang et al 2017, Nature"
19138,-2.66,-9.07,"Wang et al 2017, Nature"
19176,-2.84,-9.04,"Wang et al 2017, Nature"
19215,-2.77,-9.13,"Wang et al 2017, Nature"
19254,-2.7,-9.09,"Wang et al 2017, Nature"
19292,-2.76,-9.23,"Wang et al 2017, Nature"
19331,-2.87,-9.53,"Wang et al 2017, Nature"
19370,-2.66,-9.6,"Wang et al 2017, Nature"
19408,-2.48,-9.48,"Wang et al 2017, Nature"
19447,-2.48,-9.54,"Wang et al 2017, Nature"
19485,-2.63,-9.51,"Wang et al 2017, Nature"
19524,-2.52,-9.6,"Wang et al 2017, Nature"
19563,-2.5,-9.2,"Wang et al 2017, Nature"
19601,-2.56,-9.59,"Wang et al 2017, Nature"
19640,-2.56,-9.69,"Wang et al 2017, Nature"
19678,-2.42,-9.62,"Wang et al 2017, Nature"
19717,-2.55,-9.37,"Wang et al 2017, Nature"
19756,-2.56,-9.79,"Wang et al 2017, Nature"
19794,-2.6,-9.66,"Wang et al 2017, Nature"
19833,-2.64,-9.62,"Wang et al 2017, Nature"
19871,-2.71,-9.4,"Wang et al 2017, Nature"
19902,-2.48,-9.62,"Wang et al 2017, Nature"
19933,-2.72,-9.58,"Wang et al 2017, Nature"
19964,-2.35,-9.48,"Wang et al 2017, Nature"
19995,-2.4,-9.64,"Wang et al 2017, Nature"
20026,-2.28,-9.25,"Wang et al 2017, Nature"
20056,-2.81,-9.72,"Wang et al 2017, Nature"
20087,-2.91,-9.73,"Wang et al 2017, Nature"
20118,-3.03,-9.51,"Wang et al 2017, Nature"
20148,-2.88,-9.44,"Wang et al 2017, Nature"
20178,-2.7,-9.43,"Wang et al 2017, Nature"
20208,-2.68,-9.54,"Wang et al 2017, Nature"
20239,-2.78,-9.88,"Wang et al 2017, Nature"
20269,-2.87,-9.87,"Wang et al 2017, Nature"
20299,-2.58,-9.44,"Wang et al 2017, Nature"
20329,-2.63,-9.65,"Wang et al 2017, Nature"
20360,-2.95,-9.45,"Wang et al 2017, Nature"
20390,-2.68,-9.41,"Wang et al 2017, Nature"
20420,-2.87,-9.2,"Wang et al 2017, Nature"
20451,-2.95,-9.04,"Wang et al 2017, Nature"
20481,-2.86,-9.06,"Wang et al 2017, Nature"
20511,-2.74,-9.1,"Wang et al 2017, Nature"
20533,-2.7,-9.45,"Wang et al 2017, Nature"
20554,-3,-9.56,"Wang et al 2017, Nature"
20576,-2.99,-9.61,"Wang et al 2017, Nature"
20597,-3.11,-9.8,"Wang et al 2017, Nature"
20619,-3.14,-9.77,"Wang et al 2017, Nature"
20641,-2.76,-9.61,"Wang et al 2017, Nature"
20662,-2.61,-9.65,"Wang et al 2017, Nature"
20684,-2.83,-9.62,"Wang et al 2017, Nature"
20705,-2.98,-9.76,"Wang et al 2017, Nature"
20727,-3.17,-9.99,"Wang et al 2017, Nature"
20749,-3.19,-9.97,"Wang et al 2017, Nature"
20770,-3.19,-10.47,"Wang et al 2017, Nature"
27033,-3.06,-9.66,"Wang et al 2017, Nature"
27083,-2.97,-8.47,"Wang et al 2017, Nature"
27132,-3.12,-9.45,"Wang et al 2017, Nature"
27181,-3.36,-10.07,"Wang et al 2017, Nature"
27230,-3.15,-9.05,"Wang et al 2017, Nature"
27279,-2.96,-9.17,"Wang et al 2017, Nature"
27328,-3.02,-9.04,"Wang et al 2017, Nature"
27377,-2.89,-8.89,"Wang et al 2017, Nature"
27426,-3.16,-9.55,"Wang et al 2017, Nature"
27475,-3.08,-9.14,"Wang et al 2017, Nature"
27524,-3.19,-9.03,"Wang et al 2017, Nature"
27574,-3.23,-9.14,"Wang et al 2017, Nature"
27623,-3.45,-9.31,"Wang et al 2017, Nature"
27672,-3.06,-8.75,"Wang et al 2017, Nature"
27721,-3.2,-9.07,"Wang et al 2017, Nature"
27770,-3.4,-9.07,"Wang et al 2017, Nature"
27819,-3.3,-9.7,"Wang et al 2017, Nature"
27868,-3.52,-8.92,"Wang et al 2017, Nature"
27917,-3.9,-8.71,"Wang et al 2017, Nature"
28009,-4.4,-9.1,"Wang et al 2017, Nature"
28101,-4.49,-9.06,"Wang et al 2017, Nature"
28192,-4.41,-9.26,"Wang et al 2017, Nature"
28284,-4.74,-9.49,"Wang et al 2017, Nature"
28376,-4.53,-8.96,"Wang et al 2017, Nature"
28467,-4.49,-9.14,"Wang et al 2017, Nature"
28559,-4.08,-9.06,"Wang et al 2017, Nature"
28588,-3.86,-9.23,"Wang et al 2017, Nature"
28617,-3.32,-9.03,"Wang et al 2017, Nature"
28645,-3.86,-9.21,"Wang et al 2017, Nature"
28674,-3.66,-9.14,"Wang et al 2017, Nature"
28703,-3.2,-8.61,"Wang et al 2017, Nature"
28732,-3.21,-8.65,"Wang et al 2017, Nature"
28761,-3.53,-8.47,"Wang et al 2017, Nature"
28790,-3.58,-9.06,"Wang et al 2017, Nature"
28819,-3.5,-8.55,"Wang et al 2017, Nature"
28848,-3.6,-8.14,"Wang et al 2017, Nature"
28876,-4.04,-8.84,"Wang et al 2017, Nature"
28905,-3.93,-8.29,"Wang et al 2017, Nature"
28934,-3.69,-7.81,"Wang et al 2017, Nature"
28963,-3.68,-7.63,"Wang et al 2017, Nature"
28992,-3.66,-7.74,"Wang et al 2017, Nature"
29021,-3.86,-7.69,"Wang et al 2017, Nature"
29050,-4.1,-8.01,"Wang et al 2017, Nature"
29079,-4.1,-8.08,"Wang et al 2017, Nature"
29107,-4.28,-7.91,"Wang et al 2017, Nature"
29136,-3.98,-8.02,"Wang et al 2017, Nature"
29165,-4.2,-8,"Wang et al 2017, Nature"
29194,-4.25,-8.04,"Wang et al 2017, Nature"
29223,-4.55,-8.01,"Wang et al 2017, Nature"
29252,-4.24,-8.34,"Wang et al 2017, Nature"
29286,-4.25,-7.95,"Wang et al 2017, Nature"
29320,-4.59,-8.13,"Wang et al 2017, Nature"
29355,-4.89,-8,"Wang et al 2017, Nature"
29389,-4.48,-7.66,"Wang et al 2017, Nature"
29423,-4.54,-7.62,"Wang et al 2017, Nature"
29457,-4.6,-7.45,"Wang et al 2017, Nature"
29492,-4.79,-7.23,"Wang et al 2017, Nature"
29520,-4.88,-7.44,"Wang et al 2017, Nature"
29548,-4.65,-7.34,"Wang et al 2017, Nature"
29576,-4.56,-8.14,"Wang et al 2017, Nature"
29604,-4.69,-7.97,"Wang et al 2017, Nature"
29659,-4.71,-8.09,"Wang et al 2017, Nature"
29713,-4.8,-8.3,"Wang et al 2017, Nature"
29768,-4.25,-8.31,"Wang et al 2017, Nature"
29822,-4.74,-7.94,"Wang et al 2017, Nature"
29876,-4.73,-8.03,"Wang et al 2017, Nature"
29931,-4.63,-8.31,"Wang et al 2017, Nature"
29985,-4.96,-8.67,"Wang et al 2017, Nature"
30040,-4.53,-8.49,"Wang et al 2017, Nature"
30094,-4.83,-7.77,"Wang et al 2017, Nature"
30148,-3.82,-7.76,"Wang et al 2017, Nature"
30203,-3.65,-7.46,"Wang et al 2017, Nature"
30257,-3.84,-7.19,"Wang et al 2017, Nature"
30312,-3.66,-7.47,"Wang et al 2017, Nature"
30366,-3.44,-7.4,"Wang et al 2017, Nature"
30421,-3.79,-7.58,"Wang et al 2017, Nature"
30475,-3.58,-7.9,"Wang et al 2017, Nature"
30529,-3.65,-7.95,"Wang et al 2017, Nature"
30584,-3.6,-7.79,"Wang et al 2017, Nature"
30638,-3.72,-7.97,"Wang et al 2017, Nature"
30693,-3.82,-7.69,"Wang et al 2017, Nature"
30747,-3.9,-7.82,"Wang et al 2017, Nature"
30802,-3.73,-7.77,"Wang et al 2017, Nature"
30856,-3.73,-7.76,"Wang et al 2017, Nature"
30910,-3.86,-7.49,"Wang et al 2017, Nature"
30965,-3.81,-7.44,"Wang et al 2017, Nature"
31019,-3.68,-7.47,"Wang et al 2017, Nature"
31074,-3.61,-8.1,"Wang et al 2017, Nature"
31128,-3.7,-8.26,"Wang et al 2017, Nature"
31182,-4.1,-8.35,"Wang et al 2017, Nature"
31224,-4.2,-8.06,"Wang et al 2017, Nature"
31266,-4.04,-8.04,"Wang et al 2017, Nature"
31309,-3.95,-8.06,"Wang et al 2017, Nature"
31351,-3.96,-8.27,"Wang et al 2017, Nature"
31393,-4.05,-8.4,"Wang et al 2017, Nature"
31435,-3.55,-8.41,"Wang et al 2017, Nature"
31477,-4.16,-8.61,"Wang et al 2017, Nature"
31519,-3.87,-8.53,"Wang et al 2017, Nature"
31561,-4.08,-8.46,"Wang et al 2017, Nature"
31603,-3.98,-8.46,"Wang et al 2017, Nature"
31645,-3.38,-8.35,"Wang et al 2017, Nature"
31687,-3.5,-8.52,"Wang et al 2017, Nature"
31729,-3.92,-8.46,"Wang et al 2017, Nature"
31771,-3.73,-8.11,"Wang et al 2017, Nature"
31813,-3.42,-8.08,"Wang et al 2017, Nature"
31855,-3.69,-8.45,"Wang et al 2017, Nature"
31882,-3.48,-7.62,"Wang et al 2017, Nature"
31910,-3.57,-7.99,"Wang et al 2017, Nature"
31937,-3.94,-8.9,"Wang et al 2017, Nature"
31964,-3.76,-8.68,"Wang et al 2017, Nature"
31992,-3.96,-8.9,"Wang et al 2017, Nature"
32019,-3.55,-8.75,"Wang et al 2017, Nature"
32047,-3.59,-8.97,"Wang et al 2017, Nature"
32074,-4.07,-8.84,"Wang et al 2017, Nature"
32101,-3.74,-8.96,"Wang et al 2017, Nature"
32129,-3.38,-8.83,"Wang et al 2017, Nature"
32156,-3.43,-8.68,"Wang et al 2017, Nature"
32183,-3.52,-9.23,"Wang et al 2017, Nature"
32211,-3.56,-9.24,"Wang et al 2017, Nature"
32238,-3.24,-9.14,"Wang et al 2017, Nature"
32266,-3.32,-9.04,"Wang et al 2017, Nature"
32293,-3.34,-8.77,"Wang et al 2017, Nature"
32320,-3.16,-8.82,"Wang et al 2017, Nature"
32348,-3.42,-8.83,"Wang et al 2017, Nature"
32375,-3.18,-8.26,"Wang et al 2017, Nature"
32403,-3.4,-8.91,"Wang et al 2017, Nature"
32430,-3.42,-9.16,"Wang et al 2017, Nature"
32457,-3.85,-9.38,"Wang et al 2017, Nature"
32485,-3.82,-9.16,"Wang et al 2017, Nature"
32512,-4.24,-9.32,"Wang et al 2017, Nature"
32539,-4.26,-9.62,"Wang et al 2017, Nature"
32553,-3.65,-8.48,"Wang et al 2017, Nature"
32567,-3.78,-8.86,"Wang et al 2017, Nature"
32580,-3.74,-8.72,"Wang et al 2017, Nature"
32594,-3.72,-8.54,"Wang et al 2017, Nature"
32608,-3.58,-8.62,"Wang et al 2017, Nature"
32622,-4.38,-8.63,"Wang et al 2017, Nature"
32635,-4.11,-8.74,"Wang et al 2017, Nature"
32649,-4.36,-8.63,"Wang et al 2017, Nature"
32663,-4.57,-8.44,"Wang et al 2017, Nature"
32676,-4.33,-8.69,"Wang et al 2017, Nature"
32690,-4.77,-8.92,"Wang et al 2017, Nature"
32704,-4.33,-8.67,"Wang et al 2017, Nature"
32717,-4.92,-8.49,"Wang et al 2017, Nature"
32731,-4.61,-7.87,"Wang et al 2017, Nature"
32745,-4.41,-8.08,"Wang et al 2017, Nature"
32759,-4.64,-8.56,"Wang et al 2017, Nature"
32774,-4.71,-8.84,"Wang et al 2017, Nature"
32788,-4.63,-8.52,"Wang et al 2017, Nature"
32802,-4.45,-8.24,"Wang et al 2017, Nature"
32817,-4.07,-8.09,"Wang et al 2017, Nature"
32831,-4.2,-8.09,"Wang et al 2017, Nature"
32846,-4.34,-8.01,"Wang et al 2017, Nature"
32860,-4.54,-8.23,"Wang et al 2017, Nature"
32875,-4.3,-8.15,"Wang et al 2017, Nature"
32889,-4.43,-8.28,"Wang et al 2017, Nature"
32904,-4.25,-8.11,"Wang et al 2017, Nature"
32918,-4.08,-8,"Wang et al 2017, Nature"
32933,-4.07,-7.88,"Wang et al 2017, Nature"
32947,-4.21,-8.22,"Wang et al 2017, Nature"
32962,-4.3,-8.74,"Wang et al 2017, Nature"
32976,-4.53,-8.8,"Wang et al 2017, Nature"
32991,-4.13,-8.25,"Wang et al 2017, Nature"
33005,-4.21,-8.43,"Wang et al 2017, Nature"
33019,-4.18,-8.42,"Wang et al 2017, Nature"
33034,-4.5,-8.6,"Wang et al 2017, Nature"
33048,-4.24,-8.69,"Wang et al 2017, Nature"
33063,-3.89,-8.41,"Wang et al 2017, Nature"
33077,-3.94,-8.07,"Wang et al 2017, Nature"
33092,-4.25,-8.2,"Wang et al 2017, Nature"
33106,-4.31,-8.19,"Wang et al 2017, Nature"
33121,-4.19,-8.29,"Wang et al 2017, Nature"
33135,-3.88,-8.35,"Wang et al 2017, Nature"
33150,-3.93,-7.8,"Wang et al 2017, Nature"
33164,-3.98,-7.64,"Wang et al 2017, Nature"
33179,-4.05,-7.72,"Wang et al 2017, Nature"
33193,-4.08,-8,"Wang et al 2017, Nature"
33208,-4.08,-7.96,"Wang et al 2017, Nature"
33222,-4.17,-8.31,"Wang et al 2017, Nature"
33237,-4.2,-7.89,"Wang et al 2017, Nature"
33251,-4.13,-8.51,"Wang et al 2017, Nature"
33283,-3.65,-8.18,"Wang et al 2017, Nature"
33316,-3.75,-7.95,"Wang et al 2017, Nature"
33348,-4.1,-8,"Wang et al 2017, Nature"
33380,-4.08,-8.04,"Wang et al 2017, Nature"
33413,-3.61,-8.49,"Wang et al 2017, Nature"
33445,-3.18,-7.81,"Wang et al 2017, Nature"
33478,-3.14,-7.66,"Wang et al 2017, Nature"
33510,-3.72,-7.91,"Wang et al 2017, Nature"
33542,-3.66,-7.73,"Wang et al 2017, Nature"
33575,-3.92,-8.3,"Wang et al 2017, Nature"
33607,-3.7,-8.15,"Wang et al 2017, Nature"
33639,-3.89,-7.76,"Wang et al 2017, Nature"
33672,-3.3,-7.55,"Wang et al 2017, Nature"
33704,-3.34,-7.91,"Wang et al 2017, Nature"
33737,-3.33,-7.67,"Wang et al 2017, Nature"
33769,-3.41,-7.73,"Wang et al 2017, Nature"
33801,-3.51,-7.52,"Wang et al 2017, Nature"
33834,-3.19,-7.58,"Wang et al 2017, Nature"
33866,-3.48,-8.09,"Wang et al 2017, Nature"
33898,-3.06,-6.84,"Wang et al 2017, Nature"
33931,-2.9,-6.76,"Wang et al 2017, Nature"
33963,-2.84,-6.78,"Wang et al 2017, Nature"
33996,-3.35,-8.06,"Wang et al 2017, Nature"
34028,-3.24,-7.77,"Wang et al 2017, Nature"
34060,-3.81,-8.64,"Wang et al 2017, Nature"
34074,-3.75,-8.1,"Wang et al 2017, Nature"
34088,-3.35,-7.65,"Wang et al 2017, Nature"
34102,-3.54,-7.83,"Wang et al 2017, Nature"
34116,-3.67,-7.5,"Wang et al 2017, Nature"
34130,-3.3,-7.39,"Wang et al 2017, Nature"
34144,-3.69,-7.78,"Wang et al 2017, Nature"
34158,-3.84,-8.44,"Wang et al 2017, Nature"
34172,-3.73,-8.28,"Wang et al 2017, Nature"
34181,-3.56,-8.42,"Wang et al 2017, Nature"
34190,-4.07,-9.15,"Wang et al 2017, Nature"
34199,-3.64,-8.04,"Wang et al 2017, Nature"
34207,-3.75,-7.37,"Wang et al 2017, Nature"
34216,-4.14,-7.12,"Wang et al 2017, Nature"
34225,-3.82,-7.33,"Wang et al 2017, Nature"
34234,-4.3,-7.63,"Wang et al 2017, Nature"
34243,-4.1,-7.96,"Wang et al 2017, Nature"
34251,-4.24,-8.39,"Wang et al 2017, Nature"
34260,-4.14,-8.77,"Wang et al 2017, Nature"
34269,-3.82,-8.84,"Wang et al 2017, Nature"
34278,-4.03,-8.76,"Wang et al 2017, Nature"
34309,-4.15,-8.86,"Wang et al 2017, Nature"
34340,-4.38,-8.51,"Wang et al 2017, Nature"
34370,-4.09,-8.34,"Wang et al 2017, Nature"
34401,-4.05,-8.78,"Wang et al 2017, Nature"
34432,-3.85,-8.65,"Wang et al 2017, Nature"
34463,-3.8,-9.12,"Wang et al 2017, Nature"
34494,-3.73,-8.25,"Wang et al 2017, Nature"
34525,-3.54,-8.23,"Wang et al 2017, Nature"
34555,-3.83,-8.8,"Wang et al 2017, Nature"
34586,-3.65,-8.7,"Wang et al 2017, Nature"
34617,-3.5,-8.54,"Wang et al 2017, Nature"
34648,-3.56,-8.39,"Wang et al 2017, Nature"
34679,-3.3,-8.08,"Wang et al 2017, Nature"
34710,-3.47,-8.58,"Wang et al 2017, Nature"
34740,-3.19,-8.37,"Wang et al 2017, Nature"
34771,-3.46,-8.59,"Wang et al 2017, Nature"
34802,-3.5,-8.2,"Wang et al 2017, Nature"
34833,-3.59,-8.52,"Wang et al 2017, Nature"
34864,-3.45,-8.19,"Wang et al 2017, Nature"
34895,-3.59,-7.83,"Wang et al 2017, Nature"
34934,-3.61,-8.22,"Wang et al 2017, Nature"
34974,-3.45,-7.95,"Wang et al 2017, Nature"
35014,-3.31,-7.86,"Wang et al 2017, Nature"
35054,-3.7,-7.81,"Wang et al 2017, Nature"
35093,-3.61,-7.67,"Wang et al 2017, Nature"
35133,-3.52,-7.38,"Wang et al 2017, Nature"
35173,-3.61,-8.5,"Wang et al 2017, Nature"
35212,-3.38,-7.8,"Wang et al 2017, Nature"
35252,-3.42,-7.28,"Wang et al 2017, Nature"
35292,-3.4,-7.55,"Wang et al 2017, Nature"
35332,-3.58,-8.24,"Wang et al 2017, Nature"
35371,-3.63,-8.32,"Wang et al 2017, Nature"
35411,-3.92,-8.58,"Wang et al 2017, Nature"
35451,-3.99,-8.76,"Wang et al 2017, Nature"
35473,-4.08,-8.62,"Wang et al 2017, Nature"
35494,-4.29,-8.37,"Wang et al 2017, Nature"
35516,-3.84,-7.66,"Wang et al 2017, Nature"
35538,-4.39,-7.81,"Wang et al 2017, Nature"
35560,-4.26,-7.84,"Wang et al 2017, Nature"
35582,-4.29,-7.86,"Wang et al 2017, Nature"
35604,-4.58,-8.22,"Wang et al 2017, Nature"
35626,-4.51,-8.97,"Wang et al 2017, Nature"
35647,-4.31,-8.29,"Wang et al 2017, Nature"
35669,-4.4,-8.64,"Wang et al 2017, Nature"
35691,-4.53,-8.36,"Wang et al 2017, Nature"
35713,-4.44,-8.62,"Wang et al 2017, Nature"
35735,-4.37,-8.22,"Wang et al 2017, Nature"
35757,-4.45,-7.72,"Wang et al 2017, Nature"
35779,-4.65,-8.1,"Wang et al 2017, Nature"
35800,-4.55,-8.01,"Wang et al 2017, Nature"
35824,-4.59,-8.4,"Wang et al 2017, Nature"
35849,-4.28,-8.1,"Wang et al 2017, Nature"
35873,-4.25,-8.63,"Wang et al 2017, Nature"
35897,-4.27,-8.52,"Wang et al 2017, Nature"
35921,-4.22,-8.47,"Wang et al 2017, Nature"
35945,-4.63,-8.44,"Wang et al 2017, Nature"
35969,-4.5,-8.38,"Wang et al 2017, Nature"
35993,-4.8,-8.72,"Wang et al 2017, Nature"
36017,-4.8,-9.2,"Wang et al 2017, Nature"
36041,-4.9,-9.04,"Wang et al 2017, Nature"
36065,-4.41,-8.29,"Wang et al 2017, Nature"
36089,-4.11,-8.36,"Wang et al 2017, Nature"
36113,-4.4,-9.28,"Wang et al 2017, Nature"
36137,-4.7,-9.14,"Wang et al 2017, Nature"
36161,-4.18,-9.05,"Wang et al 2017, Nature"
36185,-4.05,-8.56,"Wang et al 2017, Nature"
36209,-4.24,-8.82,"Wang et al 2017, Nature"
36233,-4.61,-9.18,"Wang et al 2017, Nature"
36257,-4.54,-8.92,"Wang et al 2017, Nature"
36281,-4.36,-9.12,"Wang et al 2017, Nature"
36305,-4.33,-8.49,"Wang et al 2017, Nature"
36329,-4.64,-8.98,"Wang et al 2017, Nature"
36353,-4.58,-8.96,"Wang et al 2017, Nature"
36377,-4.49,-8.99,"Wang et al 2017, Nature"
36401,-4.32,-8.9,"Wang et al 2017, Nature"
36426,-4.13,-9.36,"Wang et al 2017, Nature"
36450,-4.25,-9.23,"Wang et al 2017, Nature"
36474,-4.16,-8.6,"Wang et al 2017, Nature"
36498,-4.27,-9,"Wang et al 2017, Nature"
36522,-3.92,-8.01,"Wang et al 2017, Nature"
36548,-4.07,-8.65,"Wang et al 2017, Nature"
36575,-4.23,-8.9,"Wang et al 2017, Nature"
36602,-4.05,-8.5,"Wang et al 2017, Nature"
36628,-3.98,-8.23,"Wang et al 2017, Nature"
36655,-3.72,-7.61,"Wang et al 2017, Nature"
36681,-3.78,-8.44,"Wang et al 2017, Nature"
36708,-3.91,-7.95,"Wang et al 2017, Nature"
36735,-4.45,-8.7,"Wang et al 2017, Nature"
36761,-4.33,-9.13,"Wang et al 2017, Nature"
36788,-3.95,-8.8,"Wang et al 2017, Nature"
36814,-3.59,-8.33,"Wang et al 2017, Nature"
36841,-3.77,-8.52,"Wang et al 2017, Nature"
36868,-3.54,-8.7,"Wang et al 2017, Nature"
36894,-3.67,-8.71,"Wang et al 2017, Nature"
36921,-3.69,-8.71,"Wang et al 2017, Nature"
36948,-3.6,-8.44,"Wang et al 2017, Nature"
36974,-3.98,-8.2,"Wang et al 2017, Nature"
37001,-3.62,-8.23,"Wang et al 2017, Nature"
37027,-3.62,-8.23,"Wang et al 2017, Nature"
37054,-3.59,-8.11,"Wang et al 2017, Nature"
37081,-3.73,-8.33,"Wang et al 2017, Nature"
37107,-3.51,-8.02,"Wang et al 2017, Nature"
37134,-3.86,-8,"Wang et al 2017, Nature"
37161,-4.03,-8.71,"Wang et al 2017, Nature"
37187,-3.75,-8.37,"Wang et al 2017, Nature"
37214,-3.74,-8.85,"Wang et al 2017, Nature"
37240,-4.03,-9.21,"Wang et al 2017, Nature"
37267,-3.99,-8.72,"Wang et al 2017, Nature"
37294,-3.91,-9.06,"Wang et al 2017, Nature"
37320,-3.78,-8.72,"Wang et al 2017, Nature"
37347,-3.89,-8.59,"Wang et al 2017, Nature"
37374,-3.63,-9.42,"Wang et al 2017, Nature"
37400,-3.47,-8.39,"Wang et al 2017, Nature"
37427,-3.75,-8.63,"Wang et al 2017, Nature"
37453,-3.9,-8.27,"Wang et al 2017, Nature"
37480,-3.84,-8.49,"Wang et al 2017, Nature"
37507,-3.86,-8.27,"Wang et al 2017, Nature"
37533,-3.82,-8.67,"Wang et al 2017, Nature"
37560,-3.63,-8.37,"Wang et al 2017, Nature"
37586,-3.83,-8.13,"Wang et al 2017, Nature"
37613,-3.65,-8.31,"Wang et al 2017, Nature"
37640,-3.6,-8.07,"Wang et al 2017, Nature"
37666,-3.85,-7.49,"Wang et al 2017, Nature"
37693,-3.84,-7.59,"Wang et al 2017, Nature"
37720,-3.8,-7.8,"Wang et al 2017, Nature"
37746,-3.5,-7.55,"Wang et al 2017, Nature"
37773,-3.71,-7.72,"Wang et al 2017, Nature"
37799,-3.7,-7.57,"Wang et al 2017, Nature"
37826,-3.63,-7.99,"Wang et al 2017, Nature"
37853,-3.61,-7.5,"Wang et al 2017, Nature"
37877,-3.62,-7.54,"Wang et al 2017, Nature"
37901,-3.34,-7.01,"Wang et al 2017, Nature"
37925,-3.42,-6.61,"Wang et al 2017, Nature"
37949,-3.49,-7.12,"Wang et al 2017, Nature"
37973,-3.51,-6.71,"Wang et al 2017, Nature"
37997,-3.41,-6.89,"Wang et al 2017, Nature"
38021,-3.33,-6.29,"Wang et al 2017, Nature"
38045,-3.48,-7.26,"Wang et al 2017, Nature"
38069,-3.76,-7.61,"Wang et al 2017, Nature"
38093,-4.01,-7.45,"Wang et al 2017, Nature"
38117,-3.47,-7.2,"Wang et al 2017, Nature"
38141,-4.04,-8.3,"Wang et al 2017, Nature"
38165,-3.89,-7.54,"Wang et al 2017, Nature"
38189,-3.45,-6.24,"Wang et al 2017, Nature"
38213,-3.59,-7.36,"Wang et al 2017, Nature"
38237,-3.78,-7.33,"Wang et al 2017, Nature"
38261,-3.88,-7.52,"Wang et al 2017, Nature"
38285,-4.14,-8.35,"Wang et al 2017, Nature"
38309,-4.2,-8.02,"Wang et al 2017, Nature"
38333,-3.89,-7.43,"Wang et al 2017, Nature"
38357,-3.91,-7.99,"Wang et al 2017, Nature"
38381,-4.16,-9.23,"Wang et al 2017, Nature"
38405,-4.16,-9.07,"Wang et al 2017, Nature"
38428,-4.08,-9.32,"Wang et al 2017, Nature"
38450,-4.41,-9.26,"Wang et al 2017, Nature"
38473,-4.57,-8.86,"Wang et al 2017, Nature"
38496,-4.71,-9.28,"Wang et al 2017, Nature"
38519,-4.94,-8.84,"Wang et al 2017, Nature"
38541,-4.86,-8.64,"Wang et al 2017, Nature"
38564,-4.74,-8.83,"Wang et al 2017, Nature"
38587,-4.94,-8.94,"Wang et al 2017, Nature"
38609,-4.9,-8.7,"Wang et al 2017, Nature"
38632,-4.64,-8.74,"Wang et al 2017, Nature"
38655,-4.92,-8.72,"Wang et al 2017, Nature"
38678,-4.72,-8.39,"Wang et al 2017, Nature"
38700,-4.86,-8.88,"Wang et al 2017, Nature"
38723,-5,-9.16,"Wang et al 2017, Nature"
38746,-4.69,-8.56,"Wang et al 2017, Nature"
38768,-4.87,-8.84,"Wang et al 2017, Nature"
38791,-4.4,-8.68,"Wang et al 2017, Nature"
38814,-4.84,-8.49,"Wang et al 2017, Nature"
38837,-4.52,-8.61,"Wang et al 2017, Nature"
38859,-4.44,-8.24,"Wang et al 2017, Nature"
38882,-4.85,-8.51,"Wang et al 2017, Nature"
38905,-4.99,-8.02,"Wang et al 2017, Nature"
38927,-5.13,-8.33,"Wang et al 2017, Nature"
38950,-4.67,-8.11,"Wang et al 2017, Nature"
38973,-4.74,-8.24,"Wang et al 2017, Nature"
38996,-4.41,-8.04,"Wang et al 2017, Nature"
39018,-4.62,-8.45,"Wang et al 2017, Nature"
39043,-4.61,-8.5,"Wang et al 2017, Nature"
39067,-4.9,-8.56,"Wang et al 2017, Nature"
39092,-4.65,-8.5,"Wang et al 2017, Nature"
39116,-4.73,-8.99,"Wang et al 2017, Nature"
39141,-5.04,-8.54,"Wang et al 2017, Nature"
39165,-4.51,-8.34,"Wang et al 2017, Nature"
39190,-4.63,-8.45,"Wang et al 2017, Nature"
39214,-4.66,-8.62,"Wang et al 2017, Nature"
39239,-4.46,-8.74,"Wang et al 2017, Nature"
39263,-4.15,-8.46,"Wang et al 2017, Nature"
39288,-4.21,-8.26,"Wang et al 2017, Nature"
39312,-4.31,-8.6,"Wang et al 2017, Nature"
39336,-4.5,-8.86,"Wang et al 2017, Nature"
39361,-4.34,-8.41,"Wang et al 2017, Nature"
39385,-4.68,-8.68,"Wang et al 2017, Nature"
39410,-4.21,-8.86,"Wang et al 2017, Nature"
39434,-4.34,-9.1,"Wang et al 2017, Nature"
39459,-4.47,-9.19,"Wang et al 2017, Nature"
39483,-4.64,-9.05,"Wang et al 2017, Nature"
39508,-4.13,-8.73,"Wang et al 2017, Nature"
39532,-4.42,-8.9,"Wang et al 2017, Nature"
39557,-4.34,-8.62,"Wang et al 2017, Nature"
39581,-4.9,-8.85,"Wang et al 2017, Nature"
39606,-4.49,-8.63,"Wang et al 2017, Nature"
39630,-4.8,-8.7,"Wang et al 2017, Nature"
39654,-4.47,-8.26,"Wang et al 2017, Nature"
39679,-4.7,-8.4,"Wang et al 2017, Nature"
39703,-4.75,-8.32,"Wang et al 2017, Nature"
39728,-4.84,-8.44,"Wang et al 2017, Nature"
39752,-4.37,-8.49,"Wang et al 2017, Nature"
39777,-4.64,-8.25,"Wang et al 2017, Nature"
39801,-4.75,-8.26,"Wang et al 2017, Nature"
39826,-4.52,-8.29,"Wang et al 2017, Nature"
39850,-4.77,-8.19,"Wang et al 2017, Nature"
39875,-4.53,-8.27,"Wang et al 2017, Nature"
39899,-4.47,-8.51,"Wang et al 2017, Nature"
39924,-3.99,-8.08,"Wang et al 2017, Nature"
39948,-3.96,-8.59,"Wang et al 2017, Nature"
39973,-4.12,-8.27,"Wang et al 2017, Nature"
40003,-3.8,-7.75,"Wang et al 2017, Nature"
40034,-3.87,-7.79,"Wang et al 2017, Nature"
40064,-3.74,-6.56,"Wang et al 2017, Nature"
40095,-3.85,-6.91,"Wang et al 2017, Nature"
40126,-3.73,-6.47,"Wang et al 2017, Nature"
40156,-3.24,-4.93,"Wang et al 2017, Nature"
40187,-3.15,-5.86,"Wang et al 2017, Nature"
40218,-3.34,-6.54,"Wang et al 2017, Nature"
40248,-3.36,-6.64,"Wang et al 2017, Nature"
40279,-3.37,-7.21,"Wang et al 2017, Nature"
40310,-3.35,-6.04,"Wang et al 2017, Nature"
40340,-3.34,-6.8,"Wang et al 2017, Nature"
40371,-3.49,-6.64,"Wang et al 2017, Nature"
40402,-3.33,-7.79,"Wang et al 2017, Nature"
40432,-3.53,-7.93,"Wang et al 2017, Nature"
40463,-3.52,-7.61,"Wang et al 2017, Nature"
40470,-3.79,-7.49,"Wang et al 2017, Nature"
40477,-3.69,-8.46,"Wang et al 2017, Nature"
40484,-3.72,-8.47,"Wang et al 2017, Nature"
40492,-3.77,-7.46,"Wang et al 2017, Nature"
40499,-3.73,-7.98,"Wang et al 2017, Nature"
40506,-3.79,-8.11,"Wang et al 2017, Nature"
40513,-3.85,-7.91,"Wang et al 2017, Nature"
40521,-4.08,-7.74,"Wang et al 2017, Nature"
40528,-3.94,-7.68,"Wang et al 2017, Nature"
40535,-3.54,-7.81,"Wang et al 2017, Nature"
40542,-3.71,-8.02,"Wang et al 2017, Nature"
40550,-3.72,-8.05,"Wang et al 2017, Nature"
40557,-3.34,-7.81,"Wang et al 2017, Nature"
40564,-3.8,-7.85,"Wang et al 2017, Nature"
40571,-3.28,-7.95,"Wang et al 2017, Nature"
40579,-3.71,-8.2,"Wang et al 2017, Nature"
40586,-3.75,-8.21,"Wang et al 2017, Nature"
40593,-3.71,-8.2,"Wang et al 2017, Nature"
40600,-3.89,-8.07,"Wang et al 2017, Nature"
40608,-3.89,-7.97,"Wang et al 2017, Nature"
40650,-3.75,-7.58,"Wang et al 2017, Nature"
40692,-3.6,-6.74,"Wang et al 2017, Nature"
40734,-3.35,-7.54,"Wang et al 2017, Nature"
40777,-3.52,-7.69,"Wang et al 2017, Nature"
40819,-3.56,-7.14,"Wang et al 2017, Nature"
40861,-3.69,-7.6,"Wang et al 2017, Nature"
40904,-3.71,-7.68,"Wang et al 2017, Nature"
40946,-3.55,-7.01,"Wang et al 2017, Nature"
40988,-3.61,-7.72,"Wang et al 2017, Nature"
41030,-3.52,-7.96,"Wang et al 2017, Nature"
41073,-3.6,-8.54,"Wang et al 2017, Nature"
41115,-3.7,-8.79,"Wang et al 2017, Nature"
41157,,,"Wang et al 2017, Nature"
41200,,,"Wang et al 2017, Nature"
41242,-3.56,-8.91,"Wang et al 2017, Nature"
41284,-3.84,-8.66,"Wang et al 2017, Nature"
41326,-3.92,-8.3,"Wang et al 2017, Nature"
41369,-3.75,-6.66,"Wang et al 2017, Nature"
41411,-3.6,-5.36,"Wang et al 2017, Nature"
41453,-3.46,-4.94,"Wang et al 2017, Nature"
41496,-3.38,-5.25,"Wang et al 2017, Nature"
41538,-3.32,-4.81,"Wang et al 2017, Nature"
41580,-3.28,-4.94,"Wang et al 2017, Nature"
41622,-3.35,-5.18,"Wang et al 2017, Nature"
41665,-3.39,-5.06,"Wang et al 2017, Nature"
41667,-3.24,-4.83,"Wang et al 2017, Nature"
41670,-3.03,-5.53,"Wang et al 2017, Nature"
41672,-3.13,-5.65,"Wang et al 2017, Nature"
41674,-3.16,-6.12,"Wang et al 2017, Nature"
41677,-3.14,-6,"Wang et al 2017, Nature"
41679,-3.31,-6.11,"Wang et al 2017, Nature"
41682,-3.28,-6.07,"Wang et al 2017, Nature"
41684,-3.38,-6.81,"Wang et al 2017, Nature"
41686,-3.12,-7.68,"Wang et al 2017, Nature"
41689,-3.3,-8.36,"Wang et al 2017, Nature"
41691,-3.22,-8.23,"Wang et al 2017, Nature"
41694,-3.37,-8.56,"Wang et al 2017, Nature"
41696,-3.35,-8.17,"Wang et al 2017, Nature"
41699,-3.46,-8.52,"Wang et al 2017, Nature"
41701,-3.33,-8.76,"Wang et al 2017, Nature"
41703,-3.65,-8.57,"Wang et al 2017, Nature"
41706,-3.18,-8.4,"Wang et al 2017, Nature"
41708,-3.58,-8.94,"Wang et al 2017, Nature"
41711,-3.53,-8.28,"Wang et al 2017, Nature"
41713,-3.5,-9.06,"Wang et al 2017, Nature"
41716,-3.77,-8.53,"Wang et al 2017, Nature"
41718,-3.99,-8.74,"Wang et al 2017, Nature"
41720,-3.72,-8.8,"Wang et al 2017, Nature"
41723,-3.5,-8.94,"Wang et al 2017, Nature"
41725,-3.57,-9,"Wang et al 2017, Nature"
41728,-3.86,-8.37,"Wang et al 2017, Nature"
41730,-3.78,-8.74,"Wang et al 2017, Nature"
41733,-3.74,-8.67,"Wang et al 2017, Nature"
41735,-3.84,-8.76,"Wang et al 2017, Nature"
41737,-3.89,-9,"Wang et al 2017, Nature"
41740,-3.51,-8.96,"Wang et al 2017, Nature"
41742,-3.44,-8.82,"Wang et al 2017, Nature"
41745,-3.93,-8.72,"Wang et al 2017, Nature"
41747,-3.89,-8.95,"Wang et al 2017, Nature"
41750,-3.76,-8.68,"Wang et al 2017, Nature"
41752,-3.99,-8.5,"Wang et al 2017, Nature"
41766,-4.1,-8.64,"Wang et al 2017, Nature"
41781,-4.41,-8.42,"Wang et al 2017, Nature"
41795,-4.47,-8.23,"Wang et al 2017, Nature"
41810,-4.06,-8.13,"Wang et al 2017, Nature"
41824,-4.49,-8.1,"Wang et al 2017, Nature"
41839,-4.19,-8.22,"Wang et al 2017, Nature"
41853,-4.27,-8.45,"Wang et al 2017, Nature"
41868,-4.57,-8.43,"Wang et al 2017, Nature"
41882,-4.17,-8.48,"Wang et al 2017, Nature"
41896,-4.38,-8.42,"Wang et al 2017, Nature"
41911,-4.4,-8.15,"Wang et al 2017, Nature"
41925,-4.47,-8.37,"Wang et al 2017, Nature"
41940,-4.76,-8.38,"Wang et al 2017, Nature"
41954,-4.46,-8.42,"Wang et al 2017, Nature"
41967,-4.43,-8.6,"Wang et al 2017, Nature"
41981,-4.34,-8.64,"Wang et al 2017, Nature"
41994,-4.63,-8.7,"Wang et al 2017, Nature"
42007,-4.82,-8.79,"Wang et al 2017, Nature"
42020,-4.14,-8.68,"Wang et al 2017, Nature"
42034,-4.31,-8.41,"Wang et al 2017, Nature"
42047,-4.36,-8.35,"Wang et al 2017, Nature"
42060,-4.66,-8.23,"Wang et al 2017, Nature"
42073,-4.69,-8.16,"Wang et al 2017, Nature"
42087,-4.23,-8.06,"Wang et al 2017, Nature"
42100,-4.14,-8.28,"Wang et al 2017, Nature"
42113,-4.45,-8.34,"Wang et al 2017, Nature"
42126,-4.19,-8.29,"Wang et al 2017, Nature"
42140,-4.16,-8.34,"Wang et al 2017, Nature"
42153,-4.21,-8.49,"Wang et al 2017, Nature"
42166,-4.46,-9.22,"Wang et al 2017, Nature"
42179,-4.6,-8.81,"Wang et al 2017, Nature"
42193,-4.38,-8.91,"Wang et al 2017, Nature"
42206,-4.12,-8.85,"Wang et al 2017, Nature"
42219,-4.36,-9.11,"Wang et al 2017, Nature"
42232,-4.09,-8.88,"Wang et al 2017, Nature"
42246,-4.17,-8.7,"Wang et al 2017, Nature"
42259,-4.37,-8.86,"Wang et al 2017, Nature"
42272,-4.31,-8.72,"Wang et al 2017, Nature"
42285,-3.96,-8.59,"Wang et al 2017, Nature"
42299,-4.32,-8.25,"Wang et al 2017, Nature"
42312,-4,-8.31,"Wang et al 2017, Nature"
42325,-4.33,-9.16,"Wang et al 2017, Nature"
42338,-4.03,-8.27,"Wang et al 2017, Nature"
42352,-4.04,-8.33,"Wang et al 2017, Nature"
42365,-3.76,-8.89,"Wang et al 2017, Nature"
42378,-3.97,-8.9,"Wang et al 2017, Nature"
42391,-3.93,-8.56,"Wang et al 2017, Nature"
42405,-3.99,-8.3,"Wang et al 2017, Nature"
42418,-3.93,-8.66,"Wang et al 2017, Nature"
42449,-3.53,-8.95,"Wang et al 2017, Nature"
42481,-3.65,-9.24,"Wang et al 2017, Nature"
42512,-3.7,-9.09,"Wang et al 2017, Nature"
42544,-3.86,-9.12,"Wang et al 2017, Nature"
42575,-3.46,-8.96,"Wang et al 2017, Nature"
42606,-3.69,-8.88,"Wang et al 2017, Nature"
42638,-4.03,-9.1,"Wang et al 2017, Nature"
42669,-4.24,-8.88,"Wang et al 2017, Nature"
42701,-3.76,-8.24,"Wang et al 2017, Nature"
42732,-4,-8.07,"Wang et al 2017, Nature"
42764,-3.59,-6.83,"Wang et al 2017, Nature"
42795,-3.59,-7.48,"Wang et al 2017, Nature"
42826,-3.02,-6.17,"Wang et al 2017, Nature"
42858,-3.01,-6.23,"Wang et al 2017, Nature"
42889,-3.12,-5.83,"Wang et al 2017, Nature"
42920,-3.43,-7.03,"Wang et al 2017, Nature"
42950,-3.58,-7.1,"Wang et al 2017, Nature"
42981,-3.33,-7.59,"Wang et al 2017, Nature"
43011,-3.37,-8.02,"Wang et al 2017, Nature"
43042,-3.29,-8.38,"Wang et al 2017, Nature"
43072,-3.33,-8.61,"Wang et al 2017, Nature"
43103,-3.8,-8.2,"Wang et al 2017, Nature"
43133,-3.44,-8.53,"Wang et al 2017, Nature"
43164,-3.38,-7.89,"Wang et al 2017, Nature"
43194,-3.81,-8.71,"Wang et al 2017, Nature"
43225,-4.03,-8.83,"Wang et al 2017, Nature"
43256,-3.98,-8.73,"Wang et al 2017, Nature"
43286,-4.07,-9.03,"Wang et al 2017, Nature"
43317,-3.64,-7.77,"Wang et al 2017, Nature"
43347,-3.67,-8.02,"Wang et al 2017, Nature"
43378,-3.94,-8.6,"Wang et al 2017, Nature"
43408,-3.58,-8.25,"Wang et al 2017, Nature"
43439,-3.96,-8.87,"Wang et al 2017, Nature"
43440,-3.92,-8.4,"Wang et al 2017, Nature"
43441,-3.58,-8.53,"Wang et al 2017, Nature"
43442,-3.75,-9.38,"Wang et al 2017, Nature"
43443,-3.84,-9.47,"Wang et al 2017, Nature"
43444,-3.83,-9.3,"Wang et al 2017, Nature"
43445,-3.78,-9.44,"Wang et al 2017, Nature"
43446,-3.74,-9.21,"Wang et al 2017, Nature"
43447,-3.9,-9.09,"Wang et al 2017, Nature"
43448,-3.92,-8.99,"Wang et al 2017, Nature"
43448,-4.07,-9,"Wang et al 2017, Nature"
43449,-3.86,-8.78,"Wang et al 2017, Nature"
43450,-3.84,-8.63,"Wang et al 2017, Nature"
43451,-3.59,-8.44,"Wang et al 2017, Nature"
43452,-3.42,-8.84,"Wang et al 2017, Nature"
43453,-3.56,-8.69,"Wang et al 2017, Nature"
43454,-3.79,-8.91,"Wang et al 2017, Nature"
43455,-4.06,-8.82,"Wang et al 2017, Nature"
43456,-3.79,-8.95,"Wang et al 2017, Nature"
43457,-4.21,-8.46,"Wang et al 2017, Nature"
43458,-3.96,-8.32,"Wang et al 2017, Nature"
43459,-4.24,-8.43,"Wang et al 2017, Nature"
43500,-4.53,-8.04,"Wang et al 2017, Nature"
43541,-4.62,-8.17,"Wang et al 2017, Nature"
43582,-4.86,-8.3,"Wang et al 2017, Nature"
43623,-4.88,-7.88,"Wang et al 2017, Nature"
43664,-4.52,-8.74,"Wang et al 2017, Nature"
43705,-4.54,-8.8,"Wang et al 2017, Nature"
43746,-4.8,-8.89,"Wang et al 2017, Nature"
43787,-4.3,-8.79,"Wang et al 2017, Nature"
43827,-4.44,-8.4,"Wang et al 2017, Nature"
43868,-4.73,-8.76,"Wang et al 2017, Nature"
43909,-4.56,-8.53,"Wang et al 2017, Nature"
43950,-4.29,-8.48,"Wang et al 2017, Nature"
43991,-4.54,-8.48,"Wang et al 2017, Nature"
44032,-4.25,-8.48,"Wang et al 2017, Nature"
44073,-4.62,-8.72,"Wang et al 2017, Nature"
44114,-4.76,-8.7,"Wang et al 2017, Nature"
44130,-4.66,-8.68,"Wang et al 2017, Nature"
44146,-4.17,-7.18,"Wang et al 2017, Nature"
44161,-4.15,-7.06,"Wang et al 2017, Nature"
44177,-4.29,-7.3,"Wang et al 2017, Nature"
44193,-4.42,-7.75,"Wang et al 2017, Nature"
44209,-4.73,-7.92,"Wang et al 2017, Nature"
44225,-4.5,-8.4,"Wang et al 2017, Nature"
44241,-4.94,-8.62,"Wang et al 2017, Nature"
44257,-4.86,-8.42,"Wang et al 2017, Nature"
44272,-4.18,-8.15,"Wang et al 2017, Nature"
44288,-4.54,-8.07,"Wang et al 2017, Nature"
44304,-4.23,-8,"Wang et al 2017, Nature"
44320,-4.24,-8.05,"Wang et al 2017, Nature"
44336,-4.56,-8.18,"Wang et al 2017, Nature"
44352,-4.33,-8.23,"Wang et al 2017, Nature"
44367,-4.47,-8.04,"Wang et al 2017, Nature"
44383,-4.28,-7.85,"Wang et al 2017, Nature"
44399,-4.11,-7.84,"Wang et al 2017, Nature"
44415,-4.58,-7.91,"Wang et al 2017, Nature"
44431,-4.56,-8.06,"Wang et al 2017, Nature"
44447,-4.31,-8.15,"Wang et al 2017, Nature"
44463,-4.47,-8.19,"Wang et al 2017, Nature"
44478,-4.39,-8.64,"Wang et al 2017, Nature"
44494,-4.38,-7.9,"Wang et al 2017, Nature"
44510,-4.34,-8.07,"Wang et al 2017, Nature"
44526,-4.15,-7.95,"Wang et al 2017, Nature"
44542,-4.5,-8.5,"Wang et al 2017, Nature"
44558,-4.33,-8.3,"Wang et al 2017, Nature"
44573,-3.8,-8.22,"Wang et al 2017, Nature"
44589,-3.89,-8.14,"Wang et al 2017, Nature"
44605,-3.97,-8.18,"Wang et al 2017, Nature"
44621,-4.37,-8.18,"Wang et al 2017, Nature"
44637,-4.05,-8.23,"Wang et al 2017, Nature"
44653,-4.02,-8.43,"Wang et al 2017, Nature"
44669,-3.6,-8.18,"Wang et al 2017, Nature"
44684,-4.33,-8.04,"Wang et al 2017, Nature"
44700,-4.2,-8.09,"Wang et al 2017, Nature"
44716,-3.82,-7.85,"Wang et al 2017, Nature"
44732,-4.11,-7.61,"Wang et al 2017, Nature"
44748,-3.86,-7.83,"Wang et al 2017, Nature"
44764,-4.23,-7.7,"Wang et al 2017, Nature"
44779,-3.7,-7.54,"Wang et al 2017, Nature"
44795,-3.24,-6.67,"Wang et al 2017, Nature"
44811,-3,-5.95,"Wang et al 2017, Nature"
44827,-3.27,-6.44,"Wang et al 2017, Nature"
44843,-3.02,-6.31,"Wang et al 2017, Nature"
44859,-3.27,-6.77,"Wang et al 2017, Nature"
44875,-3.31,-7.04,"Wang et al 2017, Nature"
44890,-3.3,-7.46,"Wang et al 2017, Nature"
44906,-3.31,-7.96,"Wang et al 2017, Nature"
44922,-3.46,-7.66,"Wang et al 2017, Nature"
44938,-3.62,-7.45,"Wang et al 2017, Nature"
44954,-3.97,-8.26,"Wang et al 2017, Nature"
44970,-3.7,-8.33,"Wang et al 2017, Nature"
44985,-3.26,-7.06,"Wang et al 2017, Nature"
45001,-3.55,-7.62,"Wang et al 2017, Nature"
45017,-3.83,-7.42,"Wang et al 2017, Nature"
45033,-3.53,-7.34,"Wang et al 2017, Nature"
45049,-3.68,-7.6,"Wang et al 2017, Nature"
45065,-3.8,-7.42,"Wang et al 2017, Nature"
45081,-3.75,-7.4,"Wang et al 2017, Nature"
45096,-3.49,-7.26,"Wang et al 2017, Nature"
45112,,,"Wang et al 2017, Nature"
45128,,,"Wang et al 2017, Nature"
45144,-3.57,-7.51,"Wang et al 2017, Nature"
26490,-3.57,-7.55,"Wang et al 2017, Nature"
26514,-3.1,-6.35,"Wang et al 2017, Nature"
26537,-2.96,-6.31,"Wang et al 2017, Nature"
26561,-3.04,-6.92,"Wang et al 2017, Nature"
26584,-3.02,-7.48,"Wang et al 2017, Nature"
26608,-2.98,-6.71,"Wang et al 2017, Nature"
26631,-3.23,-6.79,"Wang et al 2017, Nature"
26655,-3.19,-5.92,"Wang et al 2017, Nature"
26678,-3.14,-6.65,"Wang et al 2017, Nature"
26702,-3.2,-6.35,"Wang et al 2017, Nature"
26725,-3.28,-7.13,"Wang et al 2017, Nature"
26749,-3.35,-7.15,"Wang et al 2017, Nature"
26773,-3.54,-7.3,"Wang et al 2017, Nature"
26796,-3.35,-7.28,"Wang et al 2017, Nature"
26820,-3.32,-7.38,"Wang et al 2017, Nature"
26843,-3.26,-6.29,"Wang et al 2017, Nature"
26867,-3.4,-7.4,"Wang et al 2017, Nature"
26890,-3.43,-7.48,"Wang et al 2017, Nature"
26914,-3.44,-6.94,"Wang et al 2017, Nature"
26937,-3.35,-6.7,"Wang et al 2017, Nature"
26961,-3.38,-7.13,"Wang et al 2017, Nature"
26984,-3.45,-7.15,"Wang et al 2017, Nature"
27008,-3.16,-6.79,"Wang et al 2017, Nature"
27031,-3.25,-6.7,"Wang et al 2017, Nature"
27055,-3.48,-7.92,"Wang et al 2017, Nature"
27078,-3.3,-6.76,"Wang et al 2017, Nature"
27102,-3.36,-7.24,"Wang et al 2017, Nature"
27125,-3.29,-7.22,"Wang et al 2017, Nature"
27149,-3.4,-7.48,"Wang et al 2017, Nature"
27172,-3.39,-6.7,"Wang et al 2017, Nature"
27196,-3.3,-5.67,"Wang et al 2017, Nature"
27219,-3.32,-5.73,"Wang et al 2017, Nature"
27243,-3.55,-7.42,"Wang et al 2017, Nature"
27266,-3.54,-7.16,"Wang et al 2017, Nature"
27290,-3.07,-5.97,"Wang et al 2017, Nature"
27314,-3.44,-7.85,"Wang et al 2017, Nature"
27337,-3.31,-7.73,"Wang et al 2017, Nature"
27361,-3.58,-7.86,"Wang et al 2017, Nature"
27384,-3.54,-7.89,"Wang et al 2017, Nature"
27408,-3.65,-7.7,"Wang et al 2017, Nature"
27431,-3.6,-7.6,"Wang et al 2017, Nature"
27455,-3.45,-7.37,"Wang et al 2017, Nature"
27478,-3.56,-7.66,"Wang et al 2017, Nature"
27502,-3.42,-7.61,"Wang et al 2017, Nature"
27525,-3.47,-7.78,"Wang et al 2017, Nature"
27549,-3.33,-7.71,"Wang et al 2017, Nature"
27572,-3.38,-7.31,"Wang et al 2017, Nature"
27596,-3.6,-7.59,"Wang et al 2017, Nature"
27619,-3.55,-7.36,"Wang et al 2017, Nature"
27643,-3.38,-7,"Wang et al 2017, Nature"
27666,-3.44,-7.87,"Wang et al 2017, Nature"
27682,-3.49,-7.75,"Wang et al 2017, Nature"
27698,-3.54,-7.45,"Wang et al 2017, Nature"
27714,-3.74,-7.87,"Wang et al 2017, Nature"
27730,-3.21,-5.76,"Wang et al 2017, Nature"
27746,-3.48,-7.85,"Wang et al 2017, Nature"
27762,-3.58,-7.14,"Wang et al 2017, Nature"
27777,-3.58,-7.35,"Wang et al 2017, Nature"
27793,-3.64,-6.99,"Wang et al 2017, Nature"
27809,-3.65,-6.98,"Wang et al 2017, Nature"
27825,-3.44,-7.59,"Wang et al 2017, Nature"
27841,-3.33,-7.39,"Wang et al 2017, Nature"
27857,-3.52,-7.65,"Wang et al 2017, Nature"
27873,-3.42,-6.8,"Wang et al 2017, Nature"
27888,-3.65,-6.98,"Wang et al 2017, Nature"
27904,-3.68,-6.53,"Wang et al 2017, Nature"
27920,-3.72,-6.8,"Wang et al 2017, Nature"
27936,-3.68,-5.85,"Wang et al 2017, Nature"
27952,-3.62,-7,"Wang et al 2017, Nature"
27968,-3.71,-6.02,"Wang et al 2017, Nature"
27984,-3.72,-6.14,"Wang et al 2017, Nature"
27999,-3.73,-5.7,"Wang et al 2017, Nature"
28015,-3.43,-5.42,"Wang et al 2017, Nature"
28031,-3.8,-6,"Wang et al 2017, Nature"
28047,-3.42,-2.76,"Wang et al 2017, Nature"
28063,-3.76,-3.52,"Wang et al 2017, Nature"
28079,-3.88,-5.22,"Wang et al 2017, Nature"
28095,-3.87,-5.58,"Wang et al 2017, Nature"
28111,-4.01,-4.96,"Wang et al 2017, Nature"
28126,-3.93,-4.87,"Wang et al 2017, Nature"
28142,-3.8,-4.31,"Wang et al 2017, Nature"
28158,-3.94,-4.14,"Wang et al 2017, Nature"
28174,-4.11,-5.52,"Wang et al 2017, Nature"
28190,-4.12,-5.46,"Wang et al 2017, Nature"
28206,-4.13,-5.24,"Wang et al 2017, Nature"
28222,-4.39,-6.46,"Wang et al 2017, Nature"
28237,-4.27,-5.75,"Wang et al 2017, Nature"
28253,-4.44,-6.05,"Wang et al 2017, Nature"
28269,-4.4,-5.91,"Wang et al 2017, Nature"
28285,-4.55,-6.09,"Wang et al 2017, Nature"
28301,-4.58,-6.03,"Wang et al 2017, Nature"
28317,-4.38,-6.03,"Wang et al 2017, Nature"
28333,-4.47,-6.26,"Wang et al 2017, Nature"
28348,-4.34,-6.28,"Wang et al 2017, Nature"
28364,-4.49,-6.02,"Wang et al 2017, Nature"
28380,-4.32,-5.36,"Wang et al 2017, Nature"
28396,-4.46,-6.2,"Wang et al 2017, Nature"
28412,-4.13,-5.51,"Wang et al 2017, Nature"
28428,-4.24,-5.81,"Wang et al 2017, Nature"
28444,-4.24,-5.88,"Wang et al 2017, Nature"
4440,-8.08,-9.64,"Wang et al 2017, Nature"
4474,-7.64,-9.56,"Wang et al 2017, Nature"
4509,-7.66,-8.68,"Wang et al 2017, Nature"
4544,-7.99,-9.84,"Wang et al 2017, Nature"
4578,-7.49,-9.37,"Wang et al 2017, Nature"
4613,-7.59,-9.5,"Wang et al 2017, Nature"
4647,-7.67,-10.03,"Wang et al 2017, Nature"
4682,-7.74,-9.85,"Wang et al 2017, Nature"
4717,-8.25,-9.84,"Wang et al 2017, Nature"
4751,-8.13,-9.68,"Wang et al 2017, Nature"
4786,-8.01,-9.52,"Wang et al 2017, Nature"
4820,-7.88,-9.3,"Wang et al 2017, Nature"
4855,-8.03,-9.45,"Wang et al 2017, Nature"
4890,-8.02,-9.29,"Wang et al 2017, Nature"
4924,-8.28,-9.44,"Wang et al 2017, Nature"
4928,-8.68,-9.44,"Wang et al 2017, Nature"
4931,-8.53,-9.6,"Wang et al 2017, Nature"
4934,-8.64,-9.96,"Wang et al 2017, Nature"
4938,-8.3,-9.72,"Wang et al 2017, Nature"
4941,-8.02,-9.14,"Wang et al 2017, Nature"
4945,-8.02,-9.52,"Wang et al 2017, Nature"
4948,-8.24,-9.84,"Wang et al 2017, Nature"
4951,-7.98,-9.53,"Wang et al 2017, Nature"
4955,-7.73,-9.26,"Wang et al 2017, Nature"
4958,-7.89,-9.2,"Wang et al 2017, Nature"
4962,-8.21,-9.42,"Wang et al 2017, Nature"
4965,-8.11,-9.34,"Wang et al 2017, Nature"
4969,-7.67,-9.05,"Wang et al 2017, Nature"
4972,-7.78,-9.52,"Wang et al 2017, Nature"
4975,-7.67,-9.26,"Wang et al 2017, Nature"
4979,-7.76,-9.46,"Wang et al 2017, Nature"
4982,-8.02,-9.82,"Wang et al 2017, Nature"
4986,-8.52,-9.59,"Wang et al 2017, Nature"
4989,-8.46,-9.18,"Wang et al 2017, Nature"
4993,-8.17,-9.6,"Wang et al 2017, Nature"
5003,-7.62,-10.1,"Wang et al 2017, Nature"
5013,-8.28,-9.98,"Wang et al 2017, Nature"
5024,-8.42,-10.06,"Wang et al 2017, Nature"
5034,-8.24,-9.91,"Wang et al 2017, Nature"
5044,-7.5,-9.2,"Wang et al 2017, Nature"
5055,-8.3,-9.09,"Wang et al 2017, Nature"
5065,-8.23,-9.38,"Wang et al 2017, Nature"
5076,-7.62,-9.08,"Wang et al 2017, Nature"
5086,-7.75,-9.18,"Wang et al 2017, Nature"
5096,-7.82,-9.29,"Wang et al 2017, Nature"
5107,-8.18,-9.57,"Wang et al 2017, Nature"
5117,-8.04,-9.59,"Wang et al 2017, Nature"
5128,-8.05,-9.52,"Wang et al 2017, Nature"
5138,-8.48,-9.5,"Wang et al 2017, Nature"
5148,-8,-9.51,"Wang et al 2017, Nature"
5159,-8.25,-9.56,"Wang et al 2017, Nature"
5169,-8.49,-9.75,"Wang et al 2017, Nature"
5180,-8.06,-9.91,"Wang et al 2017, Nature"
5190,-8.16,-9.89,"Wang et al 2017, Nature"
5200,-8.01,-9.88,"Wang et al 2017, Nature"
5211,-7.62,-10.08,"Wang et al 2017, Nature"
5221,-8.2,-10.01,"Wang et al 2017, Nature"
5232,-8.4,-10.12,"Wang et al 2017, Nature"
5242,-8.27,-9.99,"Wang et al 2017, Nature"
5252,-8.38,-9.74,"Wang et al 2017, Nature"
5263,-7.85,-9.61,"Wang et al 2017, Nature"
5273,-8.19,-9.74,"Wang et al 2017, Nature"
5284,-8.28,-9.61,"Wang et al 2017, Nature"
5294,-7.9,-9.37,"Wang et al 2017, Nature"
5304,-7.61,-9.74,"Wang et al 2017, Nature"
5306,-7.43,-9.73,"Wang et al 2017, Nature"
5308,-7.62,-9.94,"Wang et al 2017, Nature"
5309,-7.74,-9.87,"Wang et al 2017, Nature"
5311,-7.69,-9.85,"Wang et al 2017, Nature"
5313,-7.76,-9.52,"Wang et al 2017, Nature"
5314,-8.04,-9.86,"Wang et al 2017, Nature"
5316,-8.23,-9.29,"Wang et al 2017, Nature"
5317,-7.84,-9.68,"Wang et al 2017, Nature"
5319,-7.91,-9.5,"Wang et al 2017, Nature"
5321,-8.1,-9.38,"Wang et al 2017, Nature"
5322,-8.1,-9.27,"Wang et al 2017, Nature"
5324,-7.91,-9.7,"Wang et al 2017, Nature"
5326,-8.04,-9.59,"Wang et al 2017, Nature"
5327,-8.18,-9.63,"Wang et al 2017, Nature"
5329,-8.6,-9.66,"Wang et al 2017, Nature"
5337,-8.59,-9.81,"Wang et al 2017, Nature"
5345,-8.43,-9.67,"Wang et al 2017, Nature"
5353,-8.14,-9.53,"Wang et al 2017, Nature"
5361,-7.97,-8.94,"Wang et al 2017, Nature"
5369,-7.52,-9.04,"Wang et al 2017, Nature"
5377,-7.69,-8.84,"Wang et al 2017, Nature"
5385,-8,-9.46,"Wang et al 2017, Nature"
5393,-8.08,-8.88,"Wang et al 2017, Nature"
5401,-7.95,-9.17,"Wang et al 2017, Nature"
5409,-7.93,-8.48,"Wang et al 2017, Nature"
5418,-8.12,-9.26,"Wang et al 2017, Nature"
5426,-8.18,-8.77,"Wang et al 2017, Nature"
5434,-7.85,-9.39,"Wang et al 2017, Nature"
5442,-7.33,-7.72,"Wang et al 2017, Nature"
5450,-7.72,-8.08,"Wang et al 2017, Nature"
5458,-7.9,-8.83,"Wang et al 2017, Nature"
5466,-7.42,-7.13,"Wang et al 2017, Nature"
5474,-8.52,-9.38,"Wang et al 2017, Nature"
5482,-8.42,-8.42,"Wang et al 2017, Nature"
5490,-7.47,-7.51,"Wang et al 2017, Nature"
5498,-8.18,-9.02,"Wang et al 2017, Nature"
5506,-8.55,-9.47,"Wang et al 2017, Nature"
5514,-8.18,-8.65,"Wang et al 2017, Nature"
5523,-8.13,-9.24,"Wang et al 2017, Nature"
5531,-7.73,-7.97,"Wang et al 2017, Nature"
5539,-7.52,-8.08,"Wang et al 2017, Nature"
5547,-8.21,-9.33,"Wang et al 2017, Nature"
5555,-8.14,-9.34,"Wang et al 2017, Nature"
5607,-7.84,-9.69,"Wang et al 2017, Nature"
5658,-7.57,-9.39,"Wang et al 2017, Nature"
5710,-7.84,-9.22,"Wang et al 2017, Nature"
5762,-7.94,-9.57,"Wang et al 2017, Nature"
5814,-8.32,-9.89,"Wang et al 2017, Nature"
5866,-8.09,-9.86,"Wang et al 2017, Nature"
5917,-8.13,-10.35,"Wang et al 2017, Nature"
5969,-7.85,-10.61,"Wang et al 2017, Nature"
6021,-7.96,-9.1,"Wang et al 2017, Nature"
6073,-7.7,-8.78,"Wang et al 2017, Nature"
6125,-8.24,-8.98,"Wang et al 2017, Nature"
6177,-8.07,-9.12,"Wang et al 2017, Nature"
6228,-7.82,-8.75,"Wang et al 2017, Nature"
6280,-7.99,-8.24,"Wang et al 2017, Nature"
7642,-7.1,-7.25,"Wang et al 2017, Nature"
7749,-7.17,-6.68,"Wang et al 2017, Nature"
7855,-7.2,-5.65,"Wang et al 2017, Nature"
7961,-6.93,-5.61,"Wang et al 2017, Nature"
8067,-7.08,-5.61,"Wang et al 2017, Nature"
8174,-7.22,-5.69,"Wang et al 2017, Nature"
8280,-7.05,-5.62,"Wang et al 2017, Nature"
8386,-6.88,-5.54,"Wang et al 2017, Nature"
8492,-7,-6.08,"Wang et al 2017, Nature"
8502,,,"Wang et al 2017, Nature"
8513,-7.04,-6.22,"Wang et al 2017, Nature"
8523,,,"Wang et al 2017, Nature"
8533,-7.15,-5.98,"Wang et al 2017, Nature"
8543,-7.11,-6.53,"Wang et al 2017, Nature"
8553,-7.23,-6.54,"Wang et al 2017, Nature"
8563,-7.15,-6.62,"Wang et al 2017, Nature"
8573,-7.1,-6.74,"Wang et al 2017, Nature"
8583,-7.08,-6.51,"Wang et al 2017, Nature"
8594,-7.3,-7.1,"Wang et al 2017, Nature"
8604,-7.47,-7.4,"Wang et al 2017, Nature"
8614,-7.29,-7.58,"Wang et al 2017, Nature"
8624,-6.8,-6.72,"Wang et al 2017, Nature"
8634,-6.92,-6.88,"Wang et al 2017, Nature"
8644,-7.01,-6.98,"Wang et al 2017, Nature"
8654,-7.03,-7.07,"Wang et al 2017, Nature"
8664,-6.9,-7.31,"Wang et al 2017, Nature"
8675,-7.26,-6.97,"Wang et al 2017, Nature"
8685,-7.48,-7.04,"Wang et al 2017, Nature"
8695,-7.41,-7.41,"Wang et al 2017, Nature"
8705,-7.04,-7.19,"Wang et al 2017, Nature"
8715,-7.39,-7.54,"Wang et al 2017, Nature"
8725,-7.55,-7.24,"Wang et al 2017, Nature"
8735,-7.28,-6.77,"Wang et al 2017, Nature"
8745,-7.17,-6.91,"Wang et al 2017, Nature"
8756,-7.04,-7.35,"Wang et al 2017, Nature"
8766,-7.18,-7.53,"Wang et al 2017, Nature"
8776,-7.11,-7.01,"Wang et al 2017, Nature"
8786,-7.45,-7.36,"Wang et al 2017, Nature"
8796,-7.39,-7.09,"Wang et al 2017, Nature"
8806,-6.7,-7.51,"Wang et al 2017, Nature"
8816,-7.4,-7.35,"Wang et al 2017, Nature"
8826,-7.47,-7.18,"Wang et al 2017, Nature"
8837,-7.6,-7.26,"Wang et al 2017, Nature"
8847,-7.56,-7.17,"Wang et al 2017, Nature"
8857,-7.54,-7.33,"Wang et al 2017, Nature"
8867,-7.36,-7.35,"Wang et al 2017, Nature"
8877,-7.28,-7.2,"Wang et al 2017, Nature"
8887,-7.38,-7.28,"Wang et al 2017, Nature"
8897,-6.91,-7.1,"Wang et al 2017, Nature"
8907,-7.06,-7.29,"Wang et al 2017, Nature"
8918,-7.42,-7.23,"Wang et al 2017, Nature"
8928,-7.53,-7.35,"Wang et al 2017, Nature"
8938,-7.19,-7.42,"Wang et al 2017, Nature"
8948,-7.22,-7.23,"Wang et al 2017, Nature"
8958,-7.21,-8.12,"Wang et al 2017, Nature"
8968,-7.19,-8.14,"Wang et al 2017, Nature"
8978,-7.1,-6.85,"Wang et al 2017, Nature"
8988,-6.78,-6.35,"Wang et al 2017, Nature"
8995,-6.93,-7.23,"Wang et al 2017, Nature"
9001,-7.27,-7.68,"Wang et al 2017, Nature"
9007,-7.54,-8.14,"Wang et al 2017, Nature"
9013,-7.26,-7.8,"Wang et al 2017, Nature"
9019,-7.09,-7.73,"Wang et al 2017, Nature"
9026,-7.06,-7.88,"Wang et al 2017, Nature"
9032,-7.12,-7.59,"Wang et al 2017, Nature"
9038,-6.95,-7.8,"Wang et al 2017, Nature"
9044,-6.97,-7.74,"Wang et al 2017, Nature"
9050,-7.14,-8.14,"Wang et al 2017, Nature"
9057,-7.22,-8.33,"Wang et al 2017, Nature"
9063,-7.59,-8.41,"Wang et al 2017, Nature"
9069,-7.03,-8.36,"Wang et al 2017, Nature"
9075,-7.07,-8.08,"Wang et al 2017, Nature"
9081,-6.86,-8.94,"Wang et al 2017, Nature"
9088,-6.84,-8.79,"Wang et al 2017, Nature"
9094,-7.17,-9.39,"Wang et al 2017, Nature"
9100,-6.99,-8.76,"Wang et al 2017, Nature"
9106,-7.67,-8.8,"Wang et al 2017, Nature"
9113,-7.18,-8.63,"Wang et al 2017, Nature"
9119,-6.95,-8.6,"Wang et al 2017, Nature"
9125,-6.8,-8.55,"Wang et al 2017, Nature"
9131,-7.03,-8.26,"Wang et al 2017, Nature"
9137,-6.92,-8.26,"Wang et al 2017, Nature"
9144,-6.88,-8.16,"Wang et al 2017, Nature"
9150,-6.74,-7.98,"Wang et al 2017, Nature"
9156,-7.02,-8.54,"Wang et al 2017, Nature"
9162,-7.1,-8.19,"Wang et al 2017, Nature"
9168,-7.16,-8.58,"Wang et al 2017, Nature"
9175,-7.06,-8.2,"Wang et al 2017, Nature"
9181,-7.09,-8.03,"Wang et al 2017, Nature"
9187,-7.07,-8.43,"Wang et al 2017, Nature"
9193,-7,-8.57,"Wang et al 2017, Nature"
9199,-7.58,-8.85,"Wang et al 2017, Nature"
9206,-7.38,-8.28,"Wang et al 2017, Nature"
9212,-6.93,-8.46,"Wang et al 2017, Nature"
9218,-7.2,-8.23,"Wang et al 2017, Nature"
9224,-7.44,-8.54,"Wang et al 2017, Nature"
9230,-7.01,-8.62,"Wang et al 2017, Nature"
9237,-7.06,-8.33,"Wang et al 2017, Nature"
9243,-7.16,-8.38,"Wang et al 2017, Nature"
9249,-7.05,-8.24,"Wang et al 2017, Nature"
9255,-7.19,-8.58,"Wang et al 2017, Nature"
9261,-7.1,-8.51,"Wang et al 2017, Nature"
9268,-7.18,-8.17,"Wang et al 2017, Nature"
9274,-7.14,-8.6,"Wang et al 2017, Nature"
9280,-6.94,-8.68,"Wang et al 2017, Nature"
9286,-6.82,-8.41,"Wang et al 2017, Nature"
9292,-7.13,-8.47,"Wang et al 2017, Nature"
9299,-7.19,-8.46,"Wang et al 2017, Nature"
9305,-6.84,-8.36,"Wang et al 2017, Nature"
9311,-6.94,-8.34,"Wang et al 2017, Nature"
9317,-7.06,-8.28,"Wang et al 2017, Nature"
9323,-7,-8.23,"Wang et al 2017, Nature"
9330,-7.02,-8.37,"Wang et al 2017, Nature"
9336,-6.62,-8.25,"Wang et al 2017, Nature"
9342,-6.78,-8.26,"Wang et al 2017, Nature"
9348,-6.73,-8.11,"Wang et al 2017, Nature"
9354,-6.85,-8.36,"Wang et al 2017, Nature"
9361,-7.04,-8.22,"Wang et al 2017, Nature"
9367,-7.12,-7.86,"Wang et al 2017, Nature"
9373,-7.12,-8.11,"Wang et al 2017, Nature"
9379,-7.3,-8.26,"Wang et al 2017, Nature"
9385,-7.31,-8.33,"Wang et al 2017, Nature"
9392,-6.84,-8.25,"Wang et al 2017, Nature"
9398,-7,-8.34,"Wang et al 2017, Nature"
9404,-7.32,-8.35,"Wang et al 2017, Nature"
9410,-7.02,-8.38,"Wang et al 2017, Nature"
9416,-6.92,-8.32,"Wang et al 2017, Nature"
9423,-7.01,-8.46,"Wang et al 2017, Nature"
9429,-6.9,-8.51,"Wang et al 2017, Nature"
9435,-6.87,-8.4,"Wang et al 2017, Nature"
9441,-6.88,-8.51,"Wang et al 2017, Nature"
9448,-6.96,-8.61,"Wang et al 2017, Nature"
9454,-7.21,-8.44,"Wang et al 2017, Nature"
9460,-6.87,-8.63,"Wang et al 2017, Nature"
9466,-6.8,-8.46,"Wang et al 2017, Nature"
9472,-6.71,-8.72,"Wang et al 2017, Nature"
9479,-6.79,-8.55,"Wang et al 2017, Nature"
9485,-7.2,-8.85,"Wang et al 2017, Nature"
9491,-6.92,-8.78,"Wang et al 2017, Nature"
9497,-7.16,-8.94,"Wang et al 2017, Nature"
9503,-7.24,-8.74,"Wang et al 2017, Nature"
9510,-7.1,-8.69,"Wang et al 2017, Nature"
9516,-6.92,-8.27,"Wang et al 2017, Nature"
9522,-6.98,-8.46,"Wang et al 2017, Nature"
9528,-7.02,-8.49,"Wang et al 2017, Nature"
9534,-6.88,-8.52,"Wang et al 2017, Nature"
9541,-6.82,-8.4,"Wang et al 2017, Nature"
9547,-6.63,-8.44,"Wang et al 2017, Nature"
9553,-6.84,-8.62,"Wang et al 2017, Nature"
9559,-7.26,-8.76,"Wang et al 2017, Nature"
9565,-7.21,-8.64,"Wang et al 2017, Nature"
9572,-7,-8.69,"Wang et al 2017, Nature"
9578,-6.61,-8.76,"Wang et al 2017, Nature"
9584,-7,-8.72,"Wang et al 2017, Nature"
9590,-6.91,-8.44,"Wang et al 2017, Nature"
9596,-7.57,-8.92,"Wang et al 2017, Nature"
9603,-7.37,-8.69,"Wang et al 2017, Nature"
9609,-6.91,-8.23,"Wang et al 2017, Nature"
9615,-6.88,-8.01,"Wang et al 2017, Nature"
9621,-6.65,-7.78,"Wang et al 2017, Nature"
9627,-6.89,-8.26,"Wang et al 2017, Nature"
9634,-7.14,-8.53,"Wang et al 2017, Nature"
9640,-7.02,-8.22,"Wang et al 2017, Nature"
9646,-6.74,-8.38,"Wang et al 2017, Nature"
9652,-6.92,-8.49,"Wang et al 2017, Nature"
9658,-6.84,-8.39,"Wang et al 2017, Nature"
9665,-6.89,-8.67,"Wang et al 2017, Nature"
9671,-6.98,-8.67,"Wang et al 2017, Nature"
9677,-6.64,-8.39,"Wang et al 2017, Nature"
9683,-6.95,-8.59,"Wang et al 2017, Nature"
9689,-6.88,-8.76,"Wang et al 2017, Nature"
9696,-6.82,-8.83,"Wang et al 2017, Nature"
9702,-6.7,-8.85,"Wang et al 2017, Nature"
9708,-6.5,-8.73,"Wang et al 2017, Nature"
9714,-6.66,-8.9,"Wang et al 2017, Nature"
9720,-6.59,-8.72,"Wang et al 2017, Nature"
9727,-6.51,-8.7,"Wang et al 2017, Nature"
9733,-6.66,-8.84,"Wang et al 2017, Nature"
9739,-6.79,-8.74,"Wang et al 2017, Nature"
9745,-6.84,-9.15,"Wang et al 2017, Nature"
9751,-7,-9.18,"Wang et al 2017, Nature"
9758,-7.03,-9.2,"Wang et al 2017, Nature"
9764,-7.01,-9.04,"Wang et al 2017, Nature"
9770,-6.7,-9.33,"Wang et al 2017, Nature"
9776,-6.55,-9.38,"Wang et al 2017, Nature"
9782,-6.8,-9.48,"Wang et al 2017, Nature"
9789,-6.91,-9.49,"Wang et al 2017, Nature"
9795,-6.84,-9.6,"Wang et al 2017, Nature"
9801,-6.78,-9.59,"Wang et al 2017, Nature"
9807,-6.9,-9.7,"Wang et al 2017, Nature"
9814,-6.79,-9.84,"Wang et al 2017, Nature"
9820,-6.87,-9.67,"Wang et al 2017, Nature"
9826,-6.61,-9.62,"Wang et al 2017, Nature"
9832,-6.74,-9.81,"Wang et al 2017, Nature"
9838,-6.39,-9.53,"Wang et al 2017, Nature"
9845,-6.62,-9.71,"Wang et al 2017, Nature"
9851,-6.58,-9.81,"Wang et al 2017, Nature"
9857,-6.57,-9.66,"Wang et al 2017, Nature"
9863,-6.78,-9.62,"Wang et al 2017, Nature"
9869,-6.61,-9.26,"Wang et al 2017, Nature"
9876,-6.43,-8.96,"Wang et al 2017, Nature"
9882,-7.33,-9.19,"Wang et al 2017, Nature"
9888,-7.24,-9.18,"Wang et al 2017, Nature"
9904,-7.01,-9.34,"Wang et al 2017, Nature"
9920,-7.22,-9.36,"Wang et al 2017, Nature"
9936,-7.01,-9.55,"Wang et al 2017, Nature"
9952,-6.76,-9.43,"Wang et al 2017, Nature"
9968,-6.83,-9.44,"Wang et al 2017, Nature"
9984,-6.85,-9.83,"Wang et al 2017, Nature"
10000,-6.93,-9.86,"Wang et al 2017, Nature"
10016,-6.97,-9.91,"Wang et al 2017, Nature"
10032,-7.05,-10.02,"Wang et al 2017, Nature"
10048,-6.75,-9.81,"Wang et al 2017, Nature"
10064,-6.81,-10.03,"Wang et al 2017, Nature"
10080,-6.88,-10.04,"Wang et al 2017, Nature"
10096,-6.55,-9.89,"Wang et al 2017, Nature"
10112,-6.69,-10.16,"Wang et al 2017, Nature"
10128,-6.53,-10.04,"Wang et al 2017, Nature"
10144,-6.54,-10.02,"Wang et al 2017, Nature"
10160,-6.57,-10.32,"Wang et al 2017, Nature"
10176,-6.3,-10.48,"Wang et al 2017, Nature"
10192,-6.57,-10.33,"Wang et al 2017, Nature"
10208,-6.42,-10.27,"Wang et al 2017, Nature"
10224,-6.34,-10.39,"Wang et al 2017, Nature"
10240,-6.65,-10.5,"Wang et al 2017, Nature"
10256,-6.91,-9.9,"Wang et al 2017, Nature"
10272,-6.68,-9.53,"Wang et al 2017, Nature"
10288,-6.31,-9.09,"Wang et al 2017, Nature"
10304,-6.31,-9.03,"Wang et al 2017, Nature"
10320,-6.57,-8.78,"Wang et al 2017, Nature"
10336,-6.13,-8.44,"Wang et al 2017, Nature"
10352,-6.48,-8.52,"Wang et al 2017, Nature"
10368,-6.45,-7.84,"Wang et al 2017, Nature"
10384,-6.41,-7.93,"Wang et al 2017, Nature"
10400,-6.76,-7.51,"Wang et al 2017, Nature"
10416,-6.58,-7.17,"Wang et al 2017, Nature"
10432,-6.62,-7.38,"Wang et al 2017, Nature"
10448,-6.16,-6.98,"Wang et al 2017, Nature"
10464,-5.98,-6.38,"Wang et al 2017, Nature"
10480,-6.64,-7.3,"Wang et al 2017, Nature"
10496,-6.22,-7.45,"Wang et al 2017, Nature"
10512,-6.57,-7.4,"Wang et al 2017, Nature"
10528,-6.05,-7.32,"Wang et al 2017, Nature"
10544,-6.67,-7.35,"Wang et al 2017, Nature"
10560,-6.28,-7.37,"Wang et al 2017, Nature"
10576,-6.26,-7.36,"Wang et al 2017, Nature"
10592,-6.3,-7.3,"Wang et al 2017, Nature"
10608,-6.27,-7.82,"Wang et al 2017, Nature"
10624,-6.48,-7.78,"Wang et al 2017, Nature"
10640,,,"Wang et al 2017, Nature"
10656,-6.15,-7.98,"Wang et al 2017, Nature"
10672,-6.38,-8.45,"Wang et al 2017, Nature"
10688,-6.24,-7.67,"Wang et al 2017, Nature"
10704,-6.28,-8.39,"Wang et al 2017, Nature"
10720,-6.5,-8.26,"Wang et al 2017, Nature"
10736,-6.07,-7.94,"Wang et al 2017, Nature"
10752,,,"Wang et al 2017, Nature"
10768,-6.21,-7.6,"Wang et al 2017, Nature"
10784,-6.34,-8.01,"Wang et al 2017, Nature"
10800,-6.37,-7.79,"Wang et al 2017, Nature"
10816,-6.01,-7.57,"Wang et al 2017, Nature"
10832,-6.01,-8,"Wang et al 2017, Nature"
10848,-6.24,-7.56,"Wang et al 2017, Nature"
10864,-6.24,-7.29,"Wang et al 2017, Nature"
10880,-6.19,-7.3,"Wang et al 2017, Nature"
10896,,,"Wang et al 2017, Nature"
10912,-6.16,-7.79,"Wang et al 2017, Nature"
10913,-6.29,-7.81,"Wang et al 2017, Nature"
10914,-5.98,-7.67,"Wang et al 2017, Nature"
10915,-5.76,-7.34,"Wang et al 2017, Nature"
10916,-6.2,-7.73,"Wang et al 2017, Nature"
10916,-6.1,-8.23,"Wang et al 2017, Nature"
10917,-6.08,-8.16,"Wang et al 2017, Nature"
10918,-6.32,-8.25,"Wang et al 2017, Nature"
10919,-6.03,-7.92,"Wang et al 2017, Nature"
10920,-5.88,-7.1,"Wang et al 2017, Nature"
10921,-5.79,-6.97,"Wang et al 2017, Nature"
10921,-5.87,-7.11,"Wang et al 2017, Nature"
10922,-5.42,-6.61,"Wang et al 2017, Nature"
10923,-5.52,-8.63,"Wang et al 2017, Nature"
10924,-5.94,-9.5,"Wang et al 2017, Nature"
10925,-5.82,-9.01,"Wang et al 2017, Nature"
10926,-6.01,-8.87,"Wang et al 2017, Nature"
10927,-6.24,-9.18,"Wang et al 2017, Nature"
9476,-6.8,-8.19,"Wang et al 2017, Nature"
9805,-6.28,-7.74,"Wang et al 2017, Nature"
,,,
14950,-3.8,-8.92,
15064,-3.94,-5.96,
15178,-3.84,-5.93,
15292,-3.74,-6.61,
15405,-4.31,-7.44,
15519,-3.87,-8.23,
15633,-3.94,-6.97,
15747,-4.01,-4.92,
15918,-4.02,-5.06,
16089,-3.9,-5.25,
16259,-3.89,-5.7,
16430,-4.09,-6.59,
16601,-4.17,-6.8,
,,,
20980,-2.93,-8.29,
21047,-2.43,-7.31,
21097,-2.41,-7.53,
21130,-2.74,-8.03,
21162,-2.54,-7.8,
21194,-2.72,-7.61,
21227,-2.74,-7.89,
21259,-2.42,-7.3,
21291,-2.71,-7.44,
21324,-2.7,-7.73,
21356,-2.85,-7.82,
21388,-2.69,-7.77,
21421,-2.72,-7.73,
21453,-2.97,-7.79,
21485,-2.89,-7.6,
21518,-2.65,-7.29,
21550,-2.69,-6.78,
21582,-2.92,-7.8,
21615,-2.79,-7.61,
21647,-2.72,-7.16,
21679,-2.78,-7.26,
21712,-2.91,-7.46,
21744,-3.07,-7.57,
21776,-2.94,-7.17,
21809,-3.19,-7.2,
21841,-2.68,-6.16,
21873,-2.65,-6.28,
21906,-2.8,-7.06,
21938,-2.66,-6.88,
21970,-2.5,-7.06,
22003,-2.78,-7.54,
22035,-2.81,-7.9,
22068,-2.85,-7.84,
22100,-2.86,-8.11,
22132,-2.84,-8.37,
22165,-2.69,-7.86,
22197,-2.77,-8.12,
22229,-2.81,-8.14,
22262,-2.83,-8.16,
22294,-2.66,-7.21,
22359,-2.88,-8.65,
22423,-3.06,-8.76,
22488,-3.3,-9.53,
22801,-3.1,-7.66,
23114,-3.07,-7.29,
23426,-3.39,-7.07,
23739,-3.08,-7.07,
24052,-3.07,-7.01,
24365,-3.06,-8.25,
24571,-3.53,-8.11,
24670,-3.84,-8.41,
24769,-4.01,-8.59,
24868,-3.79,-8.3,
24967,-3.81,-8.72,
25066,-3.79,-8.52,
25165,-3.46,-8.81,
25264,-3.43,-9.13,
25363,-3.62,-9.46,
25462,-3.88,-9.78,
25561,-3.64,-9.49,
25660,-3.48,-8.6,
25759,-3.41,-8.7,
25858,-3.54,-8.75,
25957,-3.35,-8.81,
26056,-3.34,-8.75,
26155,-3.23,-8.89,
26254,-3.28,-9,
26322,-2.89,-8.27,
26361,-3.09,-8.42,
26400,-3.31,-8.51,
26438,-3.26,-8.55,
26477,-3.11,-8.37,
26516,-3.35,-8.15,
26554,-3.34,-8.67,
26593,-3.19,-8.78,
26632,-3.51,-8.84,
26671,-3.38,-8.59,
26709,-3.25,-8.57,
26748,-3.47,-8.69,
26787,-3.61,-8.8,
26825,-3.65,-9.12,
26864,-3.25,-7.94,
26903,-3.24,-8.31,
26941,-3.1,-7.66,
26980,-3.06,-7.88,
26992,-3.16,-8.04,
27003,-3.25,-8.25,
27014,-3.48,-8.31,
27025,-3.5,-8.54,
27037,-3.47,-8.67,
27048,-3.57,-8.77,
27059,-3.55,-8.83,
27070,-3.44,-8.9,
27081,-3.63,-9.19,
27093,-3.68,-9.04,
27104,-3.53,-8.86,
27115,-3.59,-9.08,
27126,-3.54,-8.98,
27138,-3.59,-9.11,
27149,-3.53,-8.6,
27160,-3.48,-8.63,
27171,-3.4,-8.76,
27183,-3.47,-8.66,
27194,-3.31,-8.74,
27205,-3.37,-8.87,
27228,-3.5,-8.66,
27252,-3.63,-8.75,
27275,-3.56,-8.59,
27299,-3.6,-8.96,
27322,-3.5,-8.68,
27346,-3.58,-9.12,
27369,-3.58,-8.77,
27393,-3.61,-8.69,
27416,-3.47,-8.32,
27440,-3.45,-8.23,
27463,-3.53,-8.33,
27487,-3.46,-8.24,
27510,-3.46,-8.34,
27533,-3.48,-8,
27557,-4.12,-8.17,
27580,-3.85,-8.35,
27604,-3.68,-8.45,
27627,-3.34,-6.73,
27643,-3.74,-7.66,
27658,-3.67,-8.07,
27673,-3.75,-8.05,
27689,-3.73,-8.52,
27704,-3.75,-8,
27719,-3.73,-8.02,
27734,-3.8,-8.12,
27750,-3.69,-7.94,
27765,-3.82,-7.87,
27780,-3.82,-8.04,
27796,-3.52,-7.28,
27811,-3.86,-7.6,
27826,-3.89,-8.31,
27842,-3.61,-7.33,
27873,-3.98,-7.57,
27905,-3.91,-7.52,
27937,-4.08,-7.48,
27969,-4.07,-7.89,
28000,-4.18,-7.92,
28032,-4.24,-8.32,
28064,-4.38,-8.26,
28095,-4.45,-8.31,
28127,-4.53,-8.23,
28159,-4.12,-7.28,
28191,-4.01,-7.27,
28222,-4.12,-7.25,
28254,-4.18,-7.03,
28286,-4.2,-8.43,
