Speleothem_ID,age_ky,d18O,Ref
RN4,4.447,-3.49865,Cruz et al. 2009; Nat. Geosci
RN4,4.474,-4.01183,Cruz et al. 2009; Nat. Geosci
RN4,4.5,-4.18028,Cruz et al. 2009; Nat. Geosci
RN4,4.526,-4.32967,Cruz et al. 2009; Nat. Geosci
RN4,4.552,-4.00212,Cruz et al. 2009; Nat. Geosci
RN4,4.579,-4.37654,Cruz et al. 2009; Nat. Geosci
RN4,4.605,-4.50187,Cruz et al. 2009; Nat. Geosci
RN4,4.631,-3.75183,Cruz et al. 2009; Nat. Geosci
RN4,4.657,-4.064,Cruz et al. 2009; Nat. Geosci
RN4,4.684,-5.15895,Cruz et al. 2009; Nat. Geosci
RN4,4.71,-4.98742,Cruz et al. 2009; Nat. Geosci
RN4,4.736,-5.49318,Cruz et al. 2009; Nat. Geosci
RN4,4.762,-5.69547,Cruz et al. 2009; Nat. Geosci
RN4,4.789,-4.66731,Cruz et al. 2009; Nat. Geosci
RN4,4.815,-4.79552,Cruz et al. 2009; Nat. Geosci
RN4,4.841,-4.22806,Cruz et al. 2009; Nat. Geosci
RN4,4.867,-4.37531,Cruz et al. 2009; Nat. Geosci
RN4,4.894,-4.97684,Cruz et al. 2009; Nat. Geosci
RN4,4.92,-4.06561,Cruz et al. 2009; Nat. Geosci
RN4,4.946,-4.20306,Cruz et al. 2009; Nat. Geosci
RN4,4.972,-4.97523,Cruz et al. 2009; Nat. Geosci
RN4,4.999,-6.27172,Cruz et al. 2009; Nat. Geosci
RN4,5.025,-5.72715,Cruz et al. 2009; Nat. Geosci
RN4,5.051,-4.97695,Cruz et al. 2009; Nat. Geosci
RN4,5.077,-5.17577,Cruz et al. 2009; Nat. Geosci
RN4,5.104,-6.7447,Cruz et al. 2009; Nat. Geosci
RN4,5.13,-5.88186,Cruz et al. 2009; Nat. Geosci
RN4,5.156,-5.75468,Cruz et al. 2009; Nat. Geosci
RN4,5.182,-5.96659,Cruz et al. 2009; Nat. Geosci
RN4,5.212,-6.72114,Cruz et al. 2009; Nat. Geosci
RN4,5.235,-4.84356,Cruz et al. 2009; Nat. Geosci
RN4,5.261,-7.88126,Cruz et al. 2009; Nat. Geosci
RN4,5.287,-5.75465,Cruz et al. 2009; Nat. Geosci
RN4,5.314,-5.70646,Cruz et al. 2009; Nat. Geosci
RN4,5.34,-5.26593,Cruz et al. 2009; Nat. Geosci
RN4,5.366,-5.95683,Cruz et al. 2009; Nat. Geosci
RN4,5.392,-7.05053,Cruz et al. 2009; Nat. Geosci
RN4,5.419,-7.19131,Cruz et al. 2009; Nat. Geosci
RN4,5.445,-6.07381,Cruz et al. 2009; Nat. Geosci
RN4,5.471,-5.93097,Cruz et al. 2009; Nat. Geosci
RN4,5.497,-5.78695,Cruz et al. 2009; Nat. Geosci
RN4,5.523,-7.2054,Cruz et al. 2009; Nat. Geosci
RN4,5.55,-5.94357,Cruz et al. 2009; Nat. Geosci
RN4,5.576,-6.25256,Cruz et al. 2009; Nat. Geosci
RN4,5.602,-6.05604,Cruz et al. 2009; Nat. Geosci
RN4,5.628,-6.32911,Cruz et al. 2009; Nat. Geosci
RN4,5.655,-5.8936,Cruz et al. 2009; Nat. Geosci
RN4,5.681,-4.86513,Cruz et al. 2009; Nat. Geosci
RN4,5.707,-6.044,Cruz et al. 2009; Nat. Geosci
RN4,5.733,-5.26751,Cruz et al. 2009; Nat. Geosci
RN4,5.76,-7.14377,Cruz et al. 2009; Nat. Geosci
RN4,5.786,-7.38981,Cruz et al. 2009; Nat. Geosci
RN4,5.812,-5.29902,Cruz et al. 2009; Nat. Geosci
RN4,5.838,-4.83753,Cruz et al. 2009; Nat. Geosci
RN4,5.865,-5.57626,Cruz et al. 2009; Nat. Geosci
RN4,5.891,-6.25498,Cruz et al. 2009; Nat. Geosci
RN4,5.917,-5.71286,Cruz et al. 2009; Nat. Geosci
RN4,5.943,-6.36523,Cruz et al. 2009; Nat. Geosci
RN4,5.97,-5.67755,Cruz et al. 2009; Nat. Geosci
RN4,5.996,-5.96512,Cruz et al. 2009; Nat. Geosci
RN4,6.022,-5.19081,Cruz et al. 2009; Nat. Geosci
RN4,6.048,-5.30515,Cruz et al. 2009; Nat. Geosci
RN4,6.075,-5.85562,Cruz et al. 2009; Nat. Geosci
RN4,6.101,-5.37931,Cruz et al. 2009; Nat. Geosci
RN4,6.127,-5.96659,Cruz et al. 2009; Nat. Geosci
RN4,6.153,-6.5024,Cruz et al. 2009; Nat. Geosci
RN4,6.18,-6.17707,Cruz et al. 2009; Nat. Geosci
RN4,6.206,-6.14212,Cruz et al. 2009; Nat. Geosci
RN4,6.232,-6.02513,Cruz et al. 2009; Nat. Geosci
RN4,6.258,-6.11868,Cruz et al. 2009; Nat. Geosci
RN4,6.285,-6.14157,Cruz et al. 2009; Nat. Geosci
RN4,6.311,-5.84809,Cruz et al. 2009; Nat. Geosci
RN4,6.337,-6.78829,Cruz et al. 2009; Nat. Geosci
RN4,6.363,-5.75959,Cruz et al. 2009; Nat. Geosci
RN4,6.39,-5.4469,Cruz et al. 2009; Nat. Geosci
RN4,6.416,-5.84798,Cruz et al. 2009; Nat. Geosci
RN4,6.442,-5.85574,Cruz et al. 2009; Nat. Geosci
RN4,6.468,-4.99456,Cruz et al. 2009; Nat. Geosci
RN4,6.495,-6.22924,Cruz et al. 2009; Nat. Geosci
RN4,6.521,-6.6125,Cruz et al. 2009; Nat. Geosci
RN4,6.547,-5.81948,Cruz et al. 2009; Nat. Geosci
RN4,6.573,-6.13979,Cruz et al. 2009; Nat. Geosci
RN4,6.6,-6.00926,Cruz et al. 2009; Nat. Geosci
RN4,6.626,-5.5636,Cruz et al. 2009; Nat. Geosci
RN4,6.652,-5.81017,Cruz et al. 2009; Nat. Geosci
RN4,6.678,-8.07684,Cruz et al. 2009; Nat. Geosci
RN4,6.705,-6.18495,Cruz et al. 2009; Nat. Geosci
RN4,6.731,-5.07726,Cruz et al. 2009; Nat. Geosci
RN4,6.757,-6.57386,Cruz et al. 2009; Nat. Geosci
RN4,6.783,-5.89165,Cruz et al. 2009; Nat. Geosci
RN4,6.81,-6.23478,Cruz et al. 2009; Nat. Geosci
RN4,6.836,-5.5792,Cruz et al. 2009; Nat. Geosci
RN4,6.862,-7.11062,Cruz et al. 2009; Nat. Geosci
RN4,6.888,-4.91418,Cruz et al. 2009; Nat. Geosci
RN4,6.915,-6.79335,Cruz et al. 2009; Nat. Geosci
RN4,6.941,-6.81963,Cruz et al. 2009; Nat. Geosci
RN4,6.967,-6.3474,Cruz et al. 2009; Nat. Geosci
RN4,6.993,-7.94428,Cruz et al. 2009; Nat. Geosci
RN4,7.02,-6.52157,Cruz et al. 2009; Nat. Geosci
RN4,7.046,-5.00173,Cruz et al. 2009; Nat. Geosci
RN4,7.072,-4.88775,Cruz et al. 2009; Nat. Geosci
RN4,7.098,-6.88344,Cruz et al. 2009; Nat. Geosci
RN4,7.125,-6.06665,Cruz et al. 2009; Nat. Geosci
RN4,7.151,-6.22796,Cruz et al. 2009; Nat. Geosci
RN4,7.177,-7.16582,Cruz et al. 2009; Nat. Geosci
RN4,7.203,-6.21896,Cruz et al. 2009; Nat. Geosci
RN4,7.234,-7.70264,Cruz et al. 2009; Nat. Geosci
RN4,7.255,-7.73029,Cruz et al. 2009; Nat. Geosci
RN4,7.277,-7.65118,Cruz et al. 2009; Nat. Geosci
RN4,7.299,-7.04761,Cruz et al. 2009; Nat. Geosci
RN4,7.321,-6.05805,Cruz et al. 2009; Nat. Geosci
RN4,7.343,-6.17111,Cruz et al. 2009; Nat. Geosci
RN4,7.365,-6.65157,Cruz et al. 2009; Nat. Geosci
RN4,7.387,-6.08635,Cruz et al. 2009; Nat. Geosci
RN4,7.409,-6.14843,Cruz et al. 2009; Nat. Geosci
RN4,7.431,-7.32077,Cruz et al. 2009; Nat. Geosci
RN4,7.453,-5.66264,Cruz et al. 2009; Nat. Geosci
RN4,7.475,-6.54072,Cruz et al. 2009; Nat. Geosci
RN4,7.497,-7.92022,Cruz et al. 2009; Nat. Geosci
RN4,7.519,-6.55896,Cruz et al. 2009; Nat. Geosci
RN4,7.541,-7.28616,Cruz et al. 2009; Nat. Geosci
RN4,7.563,-7.34765,Cruz et al. 2009; Nat. Geosci
RN4,7.585,-7.02088,Cruz et al. 2009; Nat. Geosci
RN4,7.607,-6.53465,Cruz et al. 2009; Nat. Geosci
RN4,7.629,-7.54438,Cruz et al. 2009; Nat. Geosci
RN4,7.651,-7.19078,Cruz et al. 2009; Nat. Geosci
RN4,7.673,-6.03226,Cruz et al. 2009; Nat. Geosci
RN4,7.695,-5.67131,Cruz et al. 2009; Nat. Geosci
RN4,7.717,-6.06009,Cruz et al. 2009; Nat. Geosci
RN4,7.739,-6.22392,Cruz et al. 2009; Nat. Geosci
RN4,7.761,-6.92363,Cruz et al. 2009; Nat. Geosci
RN4,7.783,-7.28899,Cruz et al. 2009; Nat. Geosci
RN4,7.805,-5.86622,Cruz et al. 2009; Nat. Geosci
RN4,7.827,-5.91269,Cruz et al. 2009; Nat. Geosci
RN4,7.849,-6.02691,Cruz et al. 2009; Nat. Geosci
RN4,7.871,-5.49806,Cruz et al. 2009; Nat. Geosci
RN4,7.893,-5.67493,Cruz et al. 2009; Nat. Geosci
RN4,7.915,-5.43315,Cruz et al. 2009; Nat. Geosci
RN4,7.937,-6.47598,Cruz et al. 2009; Nat. Geosci
RN4,7.959,-6.51599,Cruz et al. 2009; Nat. Geosci
RN4,7.981,-6.50464,Cruz et al. 2009; Nat. Geosci
RN4,8.003,-6.7485,Cruz et al. 2009; Nat. Geosci
RN4,8.025,-5.31706,Cruz et al. 2009; Nat. Geosci
RN4,8.046,-5.10091,Cruz et al. 2009; Nat. Geosci
RN4,8.068,-6.29123,Cruz et al. 2009; Nat. Geosci
RN4,8.09,-6.13121,Cruz et al. 2009; Nat. Geosci
RN4,8.112,-5.50341,Cruz et al. 2009; Nat. Geosci
RN4,8.135,-6.49322,Cruz et al. 2009; Nat. Geosci
RN4,8.153,-6.11147,Cruz et al. 2009; Nat. Geosci
RN4,8.172,-6.65242,Cruz et al. 2009; Nat. Geosci
RN4,8.191,-6.81175,Cruz et al. 2009; Nat. Geosci
RN4,8.209,-8.06611,Cruz et al. 2009; Nat. Geosci
RN4,8.228,-6.77223,Cruz et al. 2009; Nat. Geosci
RN4,8.247,-5.97992,Cruz et al. 2009; Nat. Geosci
RN4,8.266,-5.75858,Cruz et al. 2009; Nat. Geosci
RN4,8.285,-6.05329,Cruz et al. 2009; Nat. Geosci
RN4,8.304,-4.92345,Cruz et al. 2009; Nat. Geosci
RN4,8.323,-6.74943,Cruz et al. 2009; Nat. Geosci
RN4,8.342,-7.7,Cruz et al. 2009; Nat. Geosci
RN4,8.36,-5.91229,Cruz et al. 2009; Nat. Geosci
RN4,8.379,-7.3681,Cruz et al. 2009; Nat. Geosci
RN4,8.398,-4.80379,Cruz et al. 2009; Nat. Geosci
RN4,8.417,-5.76454,Cruz et al. 2009; Nat. Geosci
RN4,8.436,-6.29236,Cruz et al. 2009; Nat. Geosci
RN4,8.455,-5.65394,Cruz et al. 2009; Nat. Geosci
RN4,8.474,-4.72923,Cruz et al. 2009; Nat. Geosci
RN4,8.492,-5.15598,Cruz et al. 2009; Nat. Geosci
RN4,8.511,-6.07213,Cruz et al. 2009; Nat. Geosci
RN4,8.53,-5.94386,Cruz et al. 2009; Nat. Geosci
RN4,8.549,-5.4311,Cruz et al. 2009; Nat. Geosci
RN4,8.568,-6.30654,Cruz et al. 2009; Nat. Geosci
RN4,8.587,-6.54121,Cruz et al. 2009; Nat. Geosci
RN4,8.606,-5.89351,Cruz et al. 2009; Nat. Geosci
RN4,8.625,-5.67289,Cruz et al. 2009; Nat. Geosci
RN4,8.643,-7.42658,Cruz et al. 2009; Nat. Geosci
RN4,8.662,-6.99946,Cruz et al. 2009; Nat. Geosci
RN4,8.681,-5.9466,Cruz et al. 2009; Nat. Geosci
RN4,8.7,-5.80137,Cruz et al. 2009; Nat. Geosci
RN4,8.719,-5.82664,Cruz et al. 2009; Nat. Geosci
RN4,8.738,-6.09728,Cruz et al. 2009; Nat. Geosci
RN4,8.775,-8.39573,Cruz et al. 2009; Nat. Geosci
RN4,8.794,-7.24064,Cruz et al. 2009; Nat. Geosci
RN4,8.813,-6.2305,Cruz et al. 2009; Nat. Geosci
RN4,8.832,-6.28084,Cruz et al. 2009; Nat. Geosci
RN4,8.851,-7.14857,Cruz et al. 2009; Nat. Geosci
RN4,8.87,-6.48901,Cruz et al. 2009; Nat. Geosci
RN4,8.889,-6.67487,Cruz et al. 2009; Nat. Geosci
RN4,8.908,-6.44402,Cruz et al. 2009; Nat. Geosci
RN4,8.926,-7.0481,Cruz et al. 2009; Nat. Geosci
RN4,8.945,-6.68344,Cruz et al. 2009; Nat. Geosci
RN4,8.964,-5.29529,Cruz et al. 2009; Nat. Geosci
RN4,8.983,-6.36472,Cruz et al. 2009; Nat. Geosci
RN4,9.003,-6.89904,Cruz et al. 2009; Nat. Geosci
RN4,9.066,-5.82267,Cruz et al. 2009; Nat. Geosci
RN4,9.123,-5.52323,Cruz et al. 2009; Nat. Geosci
RN4,9.18,-5.75776,Cruz et al. 2009; Nat. Geosci
RN4,9.237,-5.50984,Cruz et al. 2009; Nat. Geosci
RN4,9.294,-5.67385,Cruz et al. 2009; Nat. Geosci
RN4,9.351,-6.81908,Cruz et al. 2009; Nat. Geosci
RN4,9.408,-5.76089,Cruz et al. 2009; Nat. Geosci
RN4,9.466,-5.98161,Cruz et al. 2009; Nat. Geosci
RN4,9.523,-6.32807,Cruz et al. 2009; Nat. Geosci
RN4,9.58,-5.73268,Cruz et al. 2009; Nat. Geosci
RN4,9.637,-6.16151,Cruz et al. 2009; Nat. Geosci
RN4,9.694,-6.38947,Cruz et al. 2009; Nat. Geosci
RN4,9.746,-5.65574,Cruz et al. 2009; Nat. Geosci
RN4,9.784,-5.36878,Cruz et al. 2009; Nat. Geosci
RN4,9.831,-6.63214,Cruz et al. 2009; Nat. Geosci
RN4,9.878,-5.89828,Cruz et al. 2009; Nat. Geosci
RN4,9.926,-5.99838,Cruz et al. 2009; Nat. Geosci
RN4,9.973,-6.32466,Cruz et al. 2009; Nat. Geosci
RN4,10.021,-6.8904,Cruz et al. 2009; Nat. Geosci
RN4,10.068,-6.20135,Cruz et al. 2009; Nat. Geosci
RN4,10.115,-7.15878,Cruz et al. 2009; Nat. Geosci
RN4,10.163,-6.48961,Cruz et al. 2009; Nat. Geosci
RN4,10.21,-5.7752,Cruz et al. 2009; Nat. Geosci
RN4,10.258,-6.53565,Cruz et al. 2009; Nat. Geosci
RN4,10.305,-6.58713,Cruz et al. 2009; Nat. Geosci
RN4,10.352,-6.13681,Cruz et al. 2009; Nat. Geosci
RN4,10.4,-5.12489,Cruz et al. 2009; Nat. Geosci
RN4,10.447,-5.52301,Cruz et al. 2009; Nat. Geosci
RN4,10.495,-6.05806,Cruz et al. 2009; Nat. Geosci
RN4,10.542,-6.49876,Cruz et al. 2009; Nat. Geosci
RN4,10.589,-6.44402,Cruz et al. 2009; Nat. Geosci
RN4,10.637,-6.04517,Cruz et al. 2009; Nat. Geosci
RN4,10.684,-5.49663,Cruz et al. 2009; Nat. Geosci
RN4,10.732,-5.59882,Cruz et al. 2009; Nat. Geosci
RN4,10.779,-6.49347,Cruz et al. 2009; Nat. Geosci
RN4,10.826,-5.69135,Cruz et al. 2009; Nat. Geosci
RN4,10.874,-5.65424,Cruz et al. 2009; Nat. Geosci
RN4,10.921,-5.28558,Cruz et al. 2009; Nat. Geosci
RN4,10.968,-6.22817,Cruz et al. 2009; Nat. Geosci
RN4,11.027,-5.32603,Cruz et al. 2009; Nat. Geosci
RN4,11.042,-5.64456,Cruz et al. 2009; Nat. Geosci
RN4,11.06,-4.66401,Cruz et al. 2009; Nat. Geosci
RN4,11.079,-4.50126,Cruz et al. 2009; Nat. Geosci
RN4,11.098,-6.84253,Cruz et al. 2009; Nat. Geosci
RN4,11.116,-4.77032,Cruz et al. 2009; Nat. Geosci
RN4,11.135,-5.77078,Cruz et al. 2009; Nat. Geosci
RN4,11.153,-5.81232,Cruz et al. 2009; Nat. Geosci
RN4,11.172,-4.04739,Cruz et al. 2009; Nat. Geosci
RN4,11.191,-4.25037,Cruz et al. 2009; Nat. Geosci
RN4,11.209,-5.56812,Cruz et al. 2009; Nat. Geosci
RN4,11.228,-4.64752,Cruz et al. 2009; Nat. Geosci
RN4,11.247,-4.63792,Cruz et al. 2009; Nat. Geosci
RN4,11.265,-5.65576,Cruz et al. 2009; Nat. Geosci
RN4,11.284,-3.62369,Cruz et al. 2009; Nat. Geosci
RN4,11.302,-6.42388,Cruz et al. 2009; Nat. Geosci
RN4,11.321,-6.17474,Cruz et al. 2009; Nat. Geosci
RN4,11.34,-3.55446,Cruz et al. 2009; Nat. Geosci
RN4,11.358,-4.64211,Cruz et al. 2009; Nat. Geosci
RN4,11.377,-4.48831,Cruz et al. 2009; Nat. Geosci
RN4,11.395,-5.44877,Cruz et al. 2009; Nat. Geosci
RN4,11.414,-5.04703,Cruz et al. 2009; Nat. Geosci
RN4,11.433,-6.09721,Cruz et al. 2009; Nat. Geosci
RN4,11.451,-4.52068,Cruz et al. 2009; Nat. Geosci
RN4,11.47,-6.07473,Cruz et al. 2009; Nat. Geosci
RN4,11.488,-5.43269,Cruz et al. 2009; Nat. Geosci
RN4,11.507,-6.45778,Cruz et al. 2009; Nat. Geosci
RN4,11.526,-7.0223,Cruz et al. 2009; Nat. Geosci
RN4,11.544,-6.01545,Cruz et al. 2009; Nat. Geosci
RN4,11.563,-4.36902,Cruz et al. 2009; Nat. Geosci
RN4,11.581,-5.5535,Cruz et al. 2009; Nat. Geosci
RN4,11.6,-3.88864,Cruz et al. 2009; Nat. Geosci
RN4,11.619,-5.18849,Cruz et al. 2009; Nat. Geosci
RN4,11.637,-5.05434,Cruz et al. 2009; Nat. Geosci
RN4,11.656,-5.05041,Cruz et al. 2009; Nat. Geosci
RN4,11.674,-5.77137,Cruz et al. 2009; Nat. Geosci
RN4,11.693,-4.79461,Cruz et al. 2009; Nat. Geosci
RN4,11.712,-6.32365,Cruz et al. 2009; Nat. Geosci
RN4,11.73,-5.05936,Cruz et al. 2009; Nat. Geosci
RN4,11.749,-5.12595,Cruz et al. 2009; Nat. Geosci
RN4,11.767,-5.41814,Cruz et al. 2009; Nat. Geosci
RN4,11.786,-5.29489,Cruz et al. 2009; Nat. Geosci
RN4,11.805,-5.60751,Cruz et al. 2009; Nat. Geosci
RN4,11.823,-5.73043,Cruz et al. 2009; Nat. Geosci
RN4,11.842,-3.99712,Cruz et al. 2009; Nat. Geosci
RN4,11.86,-5.27876,Cruz et al. 2009; Nat. Geosci
RN4,11.879,-4.80345,Cruz et al. 2009; Nat. Geosci
RN4,11.92,-5.35064,Cruz et al. 2009; Nat. Geosci
RN4,11.935,-5.18992,Cruz et al. 2009; Nat. Geosci
RN4,11.954,-4.08596,Cruz et al. 2009; Nat. Geosci
RN4,11.973,-5.01638,Cruz et al. 2009; Nat. Geosci
RN4,11.991,-3.57885,Cruz et al. 2009; Nat. Geosci
RN4,12.01,-4.10792,Cruz et al. 2009; Nat. Geosci
RN4,12.029,-5.92041,Cruz et al. 2009; Nat. Geosci
RN4,12.047,-4.39024,Cruz et al. 2009; Nat. Geosci
RN4,12.066,-5.62399,Cruz et al. 2009; Nat. Geosci
RN4,12.085,-5.36998,Cruz et al. 2009; Nat. Geosci
RN4,12.103,-6.58692,Cruz et al. 2009; Nat. Geosci
RN4,12.122,-6.18532,Cruz et al. 2009; Nat. Geosci
RN4,12.141,-4.49443,Cruz et al. 2009; Nat. Geosci
RN4,12.16,-3.1407,Cruz et al. 2009; Nat. Geosci
RN4,12.178,-5.03801,Cruz et al. 2009; Nat. Geosci
RN4,12.197,-5.39312,Cruz et al. 2009; Nat. Geosci
RN4,12.216,-5.47467,Cruz et al. 2009; Nat. Geosci
RN4,12.234,-5.17288,Cruz et al. 2009; Nat. Geosci
RN4,12.253,-5.7672,Cruz et al. 2009; Nat. Geosci
RN4,12.272,-5.84123,Cruz et al. 2009; Nat. Geosci
RN4,12.29,-4.8371,Cruz et al. 2009; Nat. Geosci
RN4,12.309,-6.22135,Cruz et al. 2009; Nat. Geosci
RN4,12.328,-5.31872,Cruz et al. 2009; Nat. Geosci
RN4,12.346,-5.07376,Cruz et al. 2009; Nat. Geosci
RN4,12.365,-4.93883,Cruz et al. 2009; Nat. Geosci
RN4,12.384,-5.33262,Cruz et al. 2009; Nat. Geosci
RN4,12.403,-5.02386,Cruz et al. 2009; Nat. Geosci
RN4,12.421,-4.11897,Cruz et al. 2009; Nat. Geosci
RN4,12.44,-3.64658,Cruz et al. 2009; Nat. Geosci
RN4,12.459,-4.73107,Cruz et al. 2009; Nat. Geosci
RN4,12.477,-5.68859,Cruz et al. 2009; Nat. Geosci
RN4,12.496,-4.29745,Cruz et al. 2009; Nat. Geosci
RN4,12.515,-5.22212,Cruz et al. 2009; Nat. Geosci
RN4,12.533,-5.19756,Cruz et al. 2009; Nat. Geosci
RN4,12.571,-4.65204,Cruz et al. 2009; Nat. Geosci
RN4,12.589,-5.08629,Cruz et al. 2009; Nat. Geosci
RN4,12.608,-4.96766,Cruz et al. 2009; Nat. Geosci
RN4,12.627,-5.23749,Cruz et al. 2009; Nat. Geosci
RN4,12.646,-4.04747,Cruz et al. 2009; Nat. Geosci
RN4,12.664,-4.52262,Cruz et al. 2009; Nat. Geosci
RN4,12.683,-3.83723,Cruz et al. 2009; Nat. Geosci
RN4,12.702,-3.96455,Cruz et al. 2009; Nat. Geosci
RN4,12.72,-3.4029,Cruz et al. 2009; Nat. Geosci
RN4,12.739,-3.0779,Cruz et al. 2009; Nat. Geosci
RN4,12.758,-2.53613,Cruz et al. 2009; Nat. Geosci
RN4,12.776,-2.80801,Cruz et al. 2009; Nat. Geosci
RN4,12.795,-2.793,Cruz et al. 2009; Nat. Geosci
RN4,12.814,-3.06158,Cruz et al. 2009; Nat. Geosci
RN4,12.832,-3.5379,Cruz et al. 2009; Nat. Geosci
RN4,12.851,-2.66314,Cruz et al. 2009; Nat. Geosci
RN4,12.87,-3.96197,Cruz et al. 2009; Nat. Geosci
RN4,12.889,-3.0928,Cruz et al. 2009; Nat. Geosci
RN4,12.907,-6.20777,Cruz et al. 2009; Nat. Geosci
RN4,12.93,-5.12335,Cruz et al. 2009; Nat. Geosci
RN4,12.945,-4.51765,Cruz et al. 2009; Nat. Geosci
RN4,12.963,-4.70832,Cruz et al. 2009; Nat. Geosci
RN4,12.982,-3.18692,Cruz et al. 2009; Nat. Geosci
RN4,13.001,-2.42489,Cruz et al. 2009; Nat. Geosci
RN4,13.019,-3.68331,Cruz et al. 2009; Nat. Geosci
RN4,13.038,-3.22872,Cruz et al. 2009; Nat. Geosci
RN4,13.057,-3.16881,Cruz et al. 2009; Nat. Geosci
RN4,13.075,-2.54117,Cruz et al. 2009; Nat. Geosci
RN4,13.094,-2.88403,Cruz et al. 2009; Nat. Geosci
RN4,16.484,-5.15659,Cruz et al. 2009; Nat. Geosci
RN4,16.486,-3.64469,Cruz et al. 2009; Nat. Geosci
RN4,16.488,-4.96179,Cruz et al. 2009; Nat. Geosci
RN4,16.491,-4.40105,Cruz et al. 2009; Nat. Geosci
RN4,16.493,-4.19178,Cruz et al. 2009; Nat. Geosci
RN4,16.495,-4.03767,Cruz et al. 2009; Nat. Geosci
RN4,16.498,-4.2796,Cruz et al. 2009; Nat. Geosci
RN4,16.5,-4.49089,Cruz et al. 2009; Nat. Geosci
RN4,16.502,-4.53048,Cruz et al. 2009; Nat. Geosci
RN4,16.504,-3.56622,Cruz et al. 2009; Nat. Geosci
RN4,16.507,-4.66321,Cruz et al. 2009; Nat. Geosci
RN4,16.509,-2.93333,Cruz et al. 2009; Nat. Geosci
RN4,16.511,-4.5326,Cruz et al. 2009; Nat. Geosci
RN4,16.514,-4.36503,Cruz et al. 2009; Nat. Geosci
RN4,16.516,-2.79686,Cruz et al. 2009; Nat. Geosci
RN4,16.518,-4.16933,Cruz et al. 2009; Nat. Geosci
RN4,16.521,-3.78011,Cruz et al. 2009; Nat. Geosci
RN4,16.523,-4.92131,Cruz et al. 2009; Nat. Geosci
RN4,16.525,-6.13881,Cruz et al. 2009; Nat. Geosci
RN4,16.528,-2.79652,Cruz et al. 2009; Nat. Geosci
RN4,16.53,-3.58544,Cruz et al. 2009; Nat. Geosci
RN4,16.532,-3.92195,Cruz et al. 2009; Nat. Geosci
RN4,16.535,-2.96971,Cruz et al. 2009; Nat. Geosci
RN4,16.537,-3.44129,Cruz et al. 2009; Nat. Geosci
RN4,16.539,-3.66727,Cruz et al. 2009; Nat. Geosci
RN4,16.542,-4.14935,Cruz et al. 2009; Nat. Geosci
RN4,16.544,-3.59574,Cruz et al. 2009; Nat. Geosci
RN4,16.546,-2.72977,Cruz et al. 2009; Nat. Geosci
RN4,16.548,-3.58927,Cruz et al. 2009; Nat. Geosci
RN4,16.551,-3.14081,Cruz et al. 2009; Nat. Geosci
RN4,16.553,-2.24658,Cruz et al. 2009; Nat. Geosci
RN4,16.555,-4.02745,Cruz et al. 2009; Nat. Geosci
RN4,16.558,-3.6176,Cruz et al. 2009; Nat. Geosci
RN4,16.56,-4.26194,Cruz et al. 2009; Nat. Geosci
RN4,16.562,-5.46453,Cruz et al. 2009; Nat. Geosci
RN4,16.565,-3.85738,Cruz et al. 2009; Nat. Geosci
RN4,16.567,-4.83985,Cruz et al. 2009; Nat. Geosci
RN4,16.569,-4.43226,Cruz et al. 2009; Nat. Geosci
RN4,16.572,-5.39939,Cruz et al. 2009; Nat. Geosci
RN4,16.574,-4.03729,Cruz et al. 2009; Nat. Geosci
RN4,16.576,-4.64401,Cruz et al. 2009; Nat. Geosci
RN4,16.579,-5.71444,Cruz et al. 2009; Nat. Geosci
RN4,16.581,-4.29921,Cruz et al. 2009; Nat. Geosci
RN4,16.583,-4.27545,Cruz et al. 2009; Nat. Geosci
RN4,16.586,-2.7504,Cruz et al. 2009; Nat. Geosci
RN4,16.588,-4.79585,Cruz et al. 2009; Nat. Geosci
RN4,16.59,-5.00463,Cruz et al. 2009; Nat. Geosci
RN4,16.593,-4.32502,Cruz et al. 2009; Nat. Geosci
RN4,16.595,-4.77928,Cruz et al. 2009; Nat. Geosci
RN4,16.597,-5.37467,Cruz et al. 2009; Nat. Geosci
RN4,16.599,-4.82379,Cruz et al. 2009; Nat. Geosci
RN4,16.602,-4.24719,Cruz et al. 2009; Nat. Geosci
RN4,16.604,-3.65056,Cruz et al. 2009; Nat. Geosci
RN4,16.606,-4.85309,Cruz et al. 2009; Nat. Geosci
RN4,16.609,-3.36268,Cruz et al. 2009; Nat. Geosci
RN4,16.611,-3.89158,Cruz et al. 2009; Nat. Geosci
RN4,16.613,-4.61355,Cruz et al. 2009; Nat. Geosci
RN4,16.616,-2.92143,Cruz et al. 2009; Nat. Geosci
RN4,16.618,-3.58053,Cruz et al. 2009; Nat. Geosci
RN4,16.62,-4.06214,Cruz et al. 2009; Nat. Geosci
RN4,16.623,-5.99403,Cruz et al. 2009; Nat. Geosci
RN4,16.625,-2.63059,Cruz et al. 2009; Nat. Geosci
RN4,16.627,-1.93149,Cruz et al. 2009; Nat. Geosci
RN4,16.63,-3.93502,Cruz et al. 2009; Nat. Geosci
RN4,16.632,-3.83915,Cruz et al. 2009; Nat. Geosci
RN4,16.634,-3.46102,Cruz et al. 2009; Nat. Geosci
RN4,16.637,-3.58108,Cruz et al. 2009; Nat. Geosci
RN4,16.639,-2.1975,Cruz et al. 2009; Nat. Geosci
RN4,16.641,-3.29977,Cruz et al. 2009; Nat. Geosci
RN4,16.643,-5.33804,Cruz et al. 2009; Nat. Geosci
RN4,16.646,-2.63607,Cruz et al. 2009; Nat. Geosci
RN4,16.648,-2.15589,Cruz et al. 2009; Nat. Geosci
RN4,16.65,-3.49901,Cruz et al. 2009; Nat. Geosci
RN4,16.653,-3.97846,Cruz et al. 2009; Nat. Geosci
RN4,16.655,-4.01804,Cruz et al. 2009; Nat. Geosci
RN4,16.657,-4.11152,Cruz et al. 2009; Nat. Geosci
RN4,16.66,-2.66804,Cruz et al. 2009; Nat. Geosci
RN4,16.662,-2.69029,Cruz et al. 2009; Nat. Geosci
RN4,16.664,-2.92959,Cruz et al. 2009; Nat. Geosci
RN4,16.667,-6.03155,Cruz et al. 2009; Nat. Geosci
RN4,16.669,-7.37383,Cruz et al. 2009; Nat. Geosci
RN4,16.671,-2.43133,Cruz et al. 2009; Nat. Geosci
RN4,16.674,-5.12981,Cruz et al. 2009; Nat. Geosci
RN4,16.676,-2.28315,Cruz et al. 2009; Nat. Geosci
RN4,16.678,-4.08155,Cruz et al. 2009; Nat. Geosci
RN4,16.681,-3.87384,Cruz et al. 2009; Nat. Geosci
RN4,16.683,-4.45942,Cruz et al. 2009; Nat. Geosci
RN4,16.685,-4.26613,Cruz et al. 2009; Nat. Geosci
RN4,16.688,-5.27274,Cruz et al. 2009; Nat. Geosci
RN4,16.69,-3.62936,Cruz et al. 2009; Nat. Geosci
RN4,16.692,-2.6316,Cruz et al. 2009; Nat. Geosci
RN4,16.694,-4.27678,Cruz et al. 2009; Nat. Geosci
RN4,16.697,-3.74905,Cruz et al. 2009; Nat. Geosci
RN4,16.699,-3.38266,Cruz et al. 2009; Nat. Geosci
RN4,16.701,-3.12463,Cruz et al. 2009; Nat. Geosci
RN4,16.704,-4.44323,Cruz et al. 2009; Nat. Geosci
RN4,16.706,-3.58517,Cruz et al. 2009; Nat. Geosci
RN4,16.708,-3.7509,Cruz et al. 2009; Nat. Geosci
RN4,16.711,-3.32462,Cruz et al. 2009; Nat. Geosci
RN4,16.713,-3.45695,Cruz et al. 2009; Nat. Geosci
RN4,16.715,-2.93878,Cruz et al. 2009; Nat. Geosci
RN4,16.718,-3.77552,Cruz et al. 2009; Nat. Geosci
RN4,16.72,-3.28235,Cruz et al. 2009; Nat. Geosci
RN4,16.722,-4.58764,Cruz et al. 2009; Nat. Geosci
RN4,16.725,-3.74282,Cruz et al. 2009; Nat. Geosci
RN4,16.727,-2.94746,Cruz et al. 2009; Nat. Geosci
RN4,16.729,-4.8412,Cruz et al. 2009; Nat. Geosci
RN4,16.732,-1.86955,Cruz et al. 2009; Nat. Geosci
RN4,16.734,-3.09722,Cruz et al. 2009; Nat. Geosci
RN4,16.736,-4.21324,Cruz et al. 2009; Nat. Geosci
RN4,16.739,-3.02639,Cruz et al. 2009; Nat. Geosci
RN4,16.741,-4.35236,Cruz et al. 2009; Nat. Geosci
RN4,16.744,-3.17691,Cruz et al. 2009; Nat. Geosci
RN4,16.755,-4.70752,Cruz et al. 2009; Nat. Geosci
RN4,16.763,-4.53763,Cruz et al. 2009; Nat. Geosci
RN4,16.772,-4.2115,Cruz et al. 2009; Nat. Geosci
RN4,16.781,-3.38317,Cruz et al. 2009; Nat. Geosci
RN4,16.789,-3.0703,Cruz et al. 2009; Nat. Geosci
RN4,16.798,-3.55585,Cruz et al. 2009; Nat. Geosci
RN4,16.806,-3.40429,Cruz et al. 2009; Nat. Geosci
RN4,16.815,-5.12822,Cruz et al. 2009; Nat. Geosci
RN4,16.824,-2.07636,Cruz et al. 2009; Nat. Geosci
RN4,16.832,-2.43383,Cruz et al. 2009; Nat. Geosci
RN4,16.841,-3.72551,Cruz et al. 2009; Nat. Geosci
RN4,16.85,-2.65636,Cruz et al. 2009; Nat. Geosci
RN4,16.858,-2.70322,Cruz et al. 2009; Nat. Geosci
RN4,16.867,-5.47403,Cruz et al. 2009; Nat. Geosci
RN4,16.876,-3.92466,Cruz et al. 2009; Nat. Geosci
RN4,16.884,-3.69435,Cruz et al. 2009; Nat. Geosci
RN4,16.893,-3.95898,Cruz et al. 2009; Nat. Geosci
RN4,16.902,-2.4794,Cruz et al. 2009; Nat. Geosci
RN4,16.91,-3.6971,Cruz et al. 2009; Nat. Geosci
RN4,16.919,-3.14323,Cruz et al. 2009; Nat. Geosci
RN4,16.928,-5.01545,Cruz et al. 2009; Nat. Geosci
RN4,16.936,-4.57741,Cruz et al. 2009; Nat. Geosci
RN4,16.945,-4.94447,Cruz et al. 2009; Nat. Geosci
RN4,16.954,-2.91417,Cruz et al. 2009; Nat. Geosci
RN4,16.962,-3.30498,Cruz et al. 2009; Nat. Geosci
RN4,16.98,-3.17516,Cruz et al. 2009; Nat. Geosci
RN4,16.988,-4.73307,Cruz et al. 2009; Nat. Geosci
RN4,16.997,-3.11742,Cruz et al. 2009; Nat. Geosci
RN4,17.006,-3.22577,Cruz et al. 2009; Nat. Geosci
RN4,17.014,-5.58315,Cruz et al. 2009; Nat. Geosci
RN4,17.023,-4.37823,Cruz et al. 2009; Nat. Geosci
RN4,17.032,-2.51986,Cruz et al. 2009; Nat. Geosci
RN4,17.04,-3.92715,Cruz et al. 2009; Nat. Geosci
RN4,17.049,-2.44017,Cruz et al. 2009; Nat. Geosci
RN4,17.058,-4.00673,Cruz et al. 2009; Nat. Geosci
RN4,17.066,-2.35213,Cruz et al. 2009; Nat. Geosci
RN4,17.075,-2.85013,Cruz et al. 2009; Nat. Geosci
RN4,17.084,-1.84139,Cruz et al. 2009; Nat. Geosci
RN4,17.092,-2.68844,Cruz et al. 2009; Nat. Geosci
RN4,17.101,-2.78537,Cruz et al. 2009; Nat. Geosci
RN4,17.11,-3.79255,Cruz et al. 2009; Nat. Geosci
RN4,17.118,-3.69778,Cruz et al. 2009; Nat. Geosci
RN4,17.127,-1.7239,Cruz et al. 2009; Nat. Geosci
RN4,17.135,-2.79514,Cruz et al. 2009; Nat. Geosci
RN4,17.144,-1.98463,Cruz et al. 2009; Nat. Geosci
RN4,17.153,-2.80296,Cruz et al. 2009; Nat. Geosci
RN4,17.161,-2.5793,Cruz et al. 2009; Nat. Geosci
RN4,17.17,-2.42762,Cruz et al. 2009; Nat. Geosci
RN4,17.179,-2.60451,Cruz et al. 2009; Nat. Geosci
RN4,17.187,-2.80075,Cruz et al. 2009; Nat. Geosci
RN4,17.196,-1.64487,Cruz et al. 2009; Nat. Geosci
RN4,17.205,-2.74617,Cruz et al. 2009; Nat. Geosci
RN4,17.213,-3.65604,Cruz et al. 2009; Nat. Geosci
RN4,17.222,-2.35268,Cruz et al. 2009; Nat. Geosci
RN4,17.231,-3.16526,Cruz et al. 2009; Nat. Geosci
RN4,17.237,-1.65815,Cruz et al. 2009; Nat. Geosci
RN4,17.248,-1.90568,Cruz et al. 2009; Nat. Geosci
RN4,17.257,-2.45517,Cruz et al. 2009; Nat. Geosci
RN4,17.265,-1.98844,Cruz et al. 2009; Nat. Geosci
RN4,17.274,-5.19793,Cruz et al. 2009; Nat. Geosci
RN4,17.283,-4.99717,Cruz et al. 2009; Nat. Geosci
RN1,4.16,-1.19,Cruz et al. 2009; Nat. Geosci
RN1,4.169,-3.81,Cruz et al. 2009; Nat. Geosci
RN1,4.178,-3.32,Cruz et al. 2009; Nat. Geosci
RN1,4.188,-4.91,Cruz et al. 2009; Nat. Geosci
RN1,4.197,-4.61,Cruz et al. 2009; Nat. Geosci
RN1,4.206,-4.25,Cruz et al. 2009; Nat. Geosci
RN1,4.224,-3.88,Cruz et al. 2009; Nat. Geosci
RN1,4.233,-4.6,Cruz et al. 2009; Nat. Geosci
RN1,4.243,-4.59,Cruz et al. 2009; Nat. Geosci
RN1,4.252,-5.02,Cruz et al. 2009; Nat. Geosci
RN1,4.261,-4.82,Cruz et al. 2009; Nat. Geosci
RN1,4.27,-4.86,Cruz et al. 2009; Nat. Geosci
RN1,4.279,-4.69,Cruz et al. 2009; Nat. Geosci
RN1,4.288,-3.92,Cruz et al. 2009; Nat. Geosci
RN1,4.297,-4.67,Cruz et al. 2009; Nat. Geosci
RN1,4.307,-6.25,Cruz et al. 2009; Nat. Geosci
RN1,4.316,-3.95,Cruz et al. 2009; Nat. Geosci
RN1,4.325,-3.89,Cruz et al. 2009; Nat. Geosci
RN1,4.334,-3.7,Cruz et al. 2009; Nat. Geosci
RN1,4.343,-3.97,Cruz et al. 2009; Nat. Geosci
RN1,4.352,-3.7,Cruz et al. 2009; Nat. Geosci
RN1,4.362,-3.67,Cruz et al. 2009; Nat. Geosci
RN1,4.371,-3.89,Cruz et al. 2009; Nat. Geosci
RN1,4.38,-3.83,Cruz et al. 2009; Nat. Geosci
RN1,4.389,-4.1,Cruz et al. 2009; Nat. Geosci
RN1,4.398,-4.08,Cruz et al. 2009; Nat. Geosci
RN1,4.407,-3.87,Cruz et al. 2009; Nat. Geosci
RN1,4.416,-3.7,Cruz et al. 2009; Nat. Geosci
RN1,4.426,-4.28,Cruz et al. 2009; Nat. Geosci
RN1,4.435,-3.84,Cruz et al. 2009; Nat. Geosci
RN1,4.444,-3.87,Cruz et al. 2009; Nat. Geosci
RN1,4.453,-3.79,Cruz et al. 2009; Nat. Geosci
RN1,4.462,-3.92,Cruz et al. 2009; Nat. Geosci
RN1,4.48,-3.85,Cruz et al. 2009; Nat. Geosci
RN1,4.503,-3.39,Cruz et al. 2009; Nat. Geosci
RN1,4.523,-3.81,Cruz et al. 2009; Nat. Geosci
RN1,4.544,-3.65,Cruz et al. 2009; Nat. Geosci
RN1,4.564,-4.19,Cruz et al. 2009; Nat. Geosci
RN1,4.584,-1.15,Cruz et al. 2009; Nat. Geosci
RN1,4.604,-3.77,Cruz et al. 2009; Nat. Geosci
RN1,4.625,-3.44,Cruz et al. 2009; Nat. Geosci
RN1,4.645,-4.87,Cruz et al. 2009; Nat. Geosci
RN1,4.665,-4.57,Cruz et al. 2009; Nat. Geosci
RN1,4.686,-4.22,Cruz et al. 2009; Nat. Geosci
RN1,4.726,-3.84,Cruz et al. 2009; Nat. Geosci
RN1,4.746,-4.55,Cruz et al. 2009; Nat. Geosci
RN1,4.767,-4.55,Cruz et al. 2009; Nat. Geosci
RN1,4.787,-4.98,Cruz et al. 2009; Nat. Geosci
RN1,4.807,-4.78,Cruz et al. 2009; Nat. Geosci
RN1,4.828,-4.82,Cruz et al. 2009; Nat. Geosci
RN1,4.848,-4.65,Cruz et al. 2009; Nat. Geosci
RN1,4.868,-3.88,Cruz et al. 2009; Nat. Geosci
RN1,4.888,-4.63,Cruz et al. 2009; Nat. Geosci
RN1,4.909,-6.22,Cruz et al. 2009; Nat. Geosci
RN1,4.929,-6.06,Cruz et al. 2009; Nat. Geosci
RN1,4.949,-6.07,Cruz et al. 2009; Nat. Geosci
RN1,4.97,-6,Cruz et al. 2009; Nat. Geosci
RN1,4.99,-6.04,Cruz et al. 2009; Nat. Geosci
RN1,5.01,-5.89,Cruz et al. 2009; Nat. Geosci
RN1,5.03,-5.93,Cruz et al. 2009; Nat. Geosci
RN1,5.051,-5.83,Cruz et al. 2009; Nat. Geosci
RN1,5.071,-5.93,Cruz et al. 2009; Nat. Geosci
RN1,5.091,-5.95,Cruz et al. 2009; Nat. Geosci
RN1,5.112,-5.91,Cruz et al. 2009; Nat. Geosci
RN1,5.132,-6.61,Cruz et al. 2009; Nat. Geosci
RN1,5.152,-6.56,Cruz et al. 2009; Nat. Geosci
RN1,5.172,-5.1,Cruz et al. 2009; Nat. Geosci
RN1,5.193,-7.44,Cruz et al. 2009; Nat. Geosci
RN1,5.213,-5.78,Cruz et al. 2009; Nat. Geosci
RN1,5.233,-6.47,Cruz et al. 2009; Nat. Geosci
RN1,5.254,-6.62,Cruz et al. 2009; Nat. Geosci
RN1,5.274,-6.18,Cruz et al. 2009; Nat. Geosci
RN1,5.294,-6.14,Cruz et al. 2009; Nat. Geosci
RN1,5.314,-6.79,Cruz et al. 2009; Nat. Geosci
RN1,5.332,-6.27,Cruz et al. 2009; Nat. Geosci
RN1,5.764,-5.3,Cruz et al. 2009; Nat. Geosci
RN1,5.777,-6.82,Cruz et al. 2009; Nat. Geosci
RN1,5.798,-7.36,Cruz et al. 2009; Nat. Geosci
RN1,5.819,-6,Cruz et al. 2009; Nat. Geosci
RN1,5.84,-5.07,Cruz et al. 2009; Nat. Geosci
RN1,5.862,-7.5,Cruz et al. 2009; Nat. Geosci
RN1,5.883,-6.39,Cruz et al. 2009; Nat. Geosci
RN1,5.904,-6.1,Cruz et al. 2009; Nat. Geosci
RN1,5.926,-5.66,Cruz et al. 2009; Nat. Geosci
RN1,5.947,-6.54,Cruz et al. 2009; Nat. Geosci
RN1,5.968,-5.74,Cruz et al. 2009; Nat. Geosci
RN1,5.989,-5.38,Cruz et al. 2009; Nat. Geosci
RN1,6.011,-7.45,Cruz et al. 2009; Nat. Geosci
RN1,6.032,-6.65,Cruz et al. 2009; Nat. Geosci
RN1,6.053,-6.39,Cruz et al. 2009; Nat. Geosci
RN1,6.074,-6.29,Cruz et al. 2009; Nat. Geosci
RN1,6.096,-5.52,Cruz et al. 2009; Nat. Geosci
RN1,6.117,-5.82,Cruz et al. 2009; Nat. Geosci
RN1,6.148,-5.88,Cruz et al. 2009; Nat. Geosci
RN1,6.222,-5.54,Cruz et al. 2009; Nat. Geosci
RN1,6.291,-6.34,Cruz et al. 2009; Nat. Geosci
RN1,6.428,-6.84,Cruz et al. 2009; Nat. Geosci
RN1,6.497,-5.07,Cruz et al. 2009; Nat. Geosci
RN1,6.566,-5.85,Cruz et al. 2009; Nat. Geosci
RN1,6.635,-6.01,Cruz et al. 2009; Nat. Geosci
RN1,6.703,-6.56,Cruz et al. 2009; Nat. Geosci
RN1,6.772,-5.93,Cruz et al. 2009; Nat. Geosci
RN1,6.841,-6.59,Cruz et al. 2009; Nat. Geosci
RN1,6.91,-6.3,Cruz et al. 2009; Nat. Geosci
RN1,6.978,-7.62,Cruz et al. 2009; Nat. Geosci
RN1,7.047,-5.05,Cruz et al. 2009; Nat. Geosci
RN1,7.116,-5.29,Cruz et al. 2009; Nat. Geosci
RN1,7.184,-5.65,Cruz et al. 2009; Nat. Geosci
RN1,7.253,-6.66,Cruz et al. 2009; Nat. Geosci
RN1,7.322,-6.33,Cruz et al. 2009; Nat. Geosci
RN1,7.384,-5.77,Cruz et al. 2009; Nat. Geosci
RN1,7.399,-7.04,Cruz et al. 2009; Nat. Geosci
RN1,7.426,-5.68,Cruz et al. 2009; Nat. Geosci
RN1,7.453,-5.97,Cruz et al. 2009; Nat. Geosci
RN1,7.48,-6.98,Cruz et al. 2009; Nat. Geosci
RN1,7.507,-6.34,Cruz et al. 2009; Nat. Geosci
RN1,7.534,-7.14,Cruz et al. 2009; Nat. Geosci
RN1,7.56,-7.21,Cruz et al. 2009; Nat. Geosci
RN1,7.587,-6.33,Cruz et al. 2009; Nat. Geosci
RN1,7.614,-7.26,Cruz et al. 2009; Nat. Geosci
RN1,7.641,-6.69,Cruz et al. 2009; Nat. Geosci
RN1,7.668,-7.5,Cruz et al. 2009; Nat. Geosci
RN1,7.694,-5.77,Cruz et al. 2009; Nat. Geosci
RN1,7.721,-6,Cruz et al. 2009; Nat. Geosci
RN1,7.748,-7.71,Cruz et al. 2009; Nat. Geosci
RN1,7.775,-5.16,Cruz et al. 2009; Nat. Geosci
RN1,7.802,-4.92,Cruz et al. 2009; Nat. Geosci
RN1,7.828,-5.57,Cruz et al. 2009; Nat. Geosci
RN1,7.855,-5.97,Cruz et al. 2009; Nat. Geosci
RN1,7.909,-7.1,Cruz et al. 2009; Nat. Geosci
RN1,7.947,-6.29,Cruz et al. 2009; Nat. Geosci
RN1,8,-6.85,Cruz et al. 2009; Nat. Geosci
RN1,8.053,-6.51,Cruz et al. 2009; Nat. Geosci
RN1,8.107,-6.7,Cruz et al. 2009; Nat. Geosci
RN1,8.16,-6.14,Cruz et al. 2009; Nat. Geosci
RN1,8.214,-6.36,Cruz et al. 2009; Nat. Geosci
RN1,8.267,-6.88,Cruz et al. 2009; Nat. Geosci
RN1,8.321,-6.89,Cruz et al. 2009; Nat. Geosci
RN1,8.374,-7.88,Cruz et al. 2009; Nat. Geosci
RN1,8.428,-6.3,Cruz et al. 2009; Nat. Geosci
RN1,8.481,-7.66,Cruz et al. 2009; Nat. Geosci
RN1,8.535,-8.36,Cruz et al. 2009; Nat. Geosci
RN1,8.588,-6.28,Cruz et al. 2009; Nat. Geosci
RN1,8.642,-6.91,Cruz et al. 2009; Nat. Geosci
RN1,8.695,-6.59,Cruz et al. 2009; Nat. Geosci
RN1,8.749,-5.33,Cruz et al. 2009; Nat. Geosci
RN1,8.802,-7.63,Cruz et al. 2009; Nat. Geosci
RN1,8.855,-6.03,Cruz et al. 2009; Nat. Geosci
RN1,8.909,-7.02,Cruz et al. 2009; Nat. Geosci
RN1,8.962,-5.86,Cruz et al. 2009; Nat. Geosci
RN1,9.016,-6.67,Cruz et al. 2009; Nat. Geosci
RN1,9.069,-7.94,Cruz et al. 2009; Nat. Geosci
RN1,9.123,-5.63,Cruz et al. 2009; Nat. Geosci
RN1,9.176,-6.59,Cruz et al. 2009; Nat. Geosci
RN1,9.23,-6.21,Cruz et al. 2009; Nat. Geosci
RN1,9.284,-5.88,Cruz et al. 2009; Nat. Geosci
RN1,9.308,-6.32,Cruz et al. 2009; Nat. Geosci
RN1,9.328,-6.41,Cruz et al. 2009; Nat. Geosci
RN1,9.348,-7.01,Cruz et al. 2009; Nat. Geosci
RN1,9.368,-7.21,Cruz et al. 2009; Nat. Geosci
RN1,9.388,-6.69,Cruz et al. 2009; Nat. Geosci
RN1,9.408,-5.93,Cruz et al. 2009; Nat. Geosci
RN1,9.428,-6.18,Cruz et al. 2009; Nat. Geosci
RN1,9.448,-6.51,Cruz et al. 2009; Nat. Geosci
RN1,9.468,-5.99,Cruz et al. 2009; Nat. Geosci
RN1,9.488,-5.9,Cruz et al. 2009; Nat. Geosci
RN1,9.509,-6.89,Cruz et al. 2009; Nat. Geosci
RN1,9.529,-6.44,Cruz et al. 2009; Nat. Geosci
RN1,9.549,-5.31,Cruz et al. 2009; Nat. Geosci
RN1,9.569,-6.96,Cruz et al. 2009; Nat. Geosci
RN1,9.589,-7.08,Cruz et al. 2009; Nat. Geosci
RN1,9.609,-6.85,Cruz et al. 2009; Nat. Geosci
RN1,9.629,-6.17,Cruz et al. 2009; Nat. Geosci
RN1,9.649,-6.63,Cruz et al. 2009; Nat. Geosci
RN1,9.669,-6.02,Cruz et al. 2009; Nat. Geosci
RN1,9.689,-7.76,Cruz et al. 2009; Nat. Geosci
RN1,9.709,-5.85,Cruz et al. 2009; Nat. Geosci
RN1,9.729,-7.18,Cruz et al. 2009; Nat. Geosci
RN1,9.749,-6.39,Cruz et al. 2009; Nat. Geosci
RN1,9.769,-5.94,Cruz et al. 2009; Nat. Geosci
RN1,9.789,-6.11,Cruz et al. 2009; Nat. Geosci
RN1,9.809,-6.37,Cruz et al. 2009; Nat. Geosci
RN1,9.829,-6.28,Cruz et al. 2009; Nat. Geosci
RN1,9.849,-4.36,Cruz et al. 2009; Nat. Geosci
RN1,9.869,-6.84,Cruz et al. 2009; Nat. Geosci
RN1,9.889,-6.75,Cruz et al. 2009; Nat. Geosci
RN1,9.909,-6.21,Cruz et al. 2009; Nat. Geosci
RN1,9.925,-7.26,Cruz et al. 2009; Nat. Geosci
RN1,9.947,-6.4,Cruz et al. 2009; Nat. Geosci
RN1,9.974,-7.95,Cruz et al. 2009; Nat. Geosci
RN1,10,-6.7,Cruz et al. 2009; Nat. Geosci
RN1,10.026,-6.19,Cruz et al. 2009; Nat. Geosci
RN1,10.053,-6.36,Cruz et al. 2009; Nat. Geosci
RN1,10.079,-5.4,Cruz et al. 2009; Nat. Geosci
RN1,10.106,-6.84,Cruz et al. 2009; Nat. Geosci
RN1,10.132,-6,Cruz et al. 2009; Nat. Geosci
RN1,10.159,-6.56,Cruz et al. 2009; Nat. Geosci
RN1,10.185,-5.69,Cruz et al. 2009; Nat. Geosci
RN1,10.212,-5.86,Cruz et al. 2009; Nat. Geosci
RN1,10.238,-5.85,Cruz et al. 2009; Nat. Geosci
RN1,10.265,-5.98,Cruz et al. 2009; Nat. Geosci
RN1,10.291,-5.29,Cruz et al. 2009; Nat. Geosci
RN1,10.322,-6.58,Cruz et al. 2009; Nat. Geosci
RN1,10.344,-5.86,Cruz et al. 2009; Nat. Geosci
RN1,10.366,-6.12,Cruz et al. 2009; Nat. Geosci
RN1,10.388,-5.69,Cruz et al. 2009; Nat. Geosci
RN1,10.41,-5.91,Cruz et al. 2009; Nat. Geosci
RN1,10.432,-6.02,Cruz et al. 2009; Nat. Geosci
RN1,10.455,-5.79,Cruz et al. 2009; Nat. Geosci
RN1,10.477,-6.35,Cruz et al. 2009; Nat. Geosci
RN1,10.499,-6.6,Cruz et al. 2009; Nat. Geosci
RN1,10.521,-7.63,Cruz et al. 2009; Nat. Geosci
RN1,10.543,-6.43,Cruz et al. 2009; Nat. Geosci
RN1,10.565,-6.3,Cruz et al. 2009; Nat. Geosci
RN1,10.588,-5.48,Cruz et al. 2009; Nat. Geosci
RN1,10.61,-5.68,Cruz et al. 2009; Nat. Geosci
RN1,10.632,-5.41,Cruz et al. 2009; Nat. Geosci
RN1,10.654,-5.71,Cruz et al. 2009; Nat. Geosci
RN1,10.676,-5.53,Cruz et al. 2009; Nat. Geosci
RN1,10.698,-5.34,Cruz et al. 2009; Nat. Geosci
RN1,10.721,-6.11,Cruz et al. 2009; Nat. Geosci
RN1,10.743,-5.69,Cruz et al. 2009; Nat. Geosci
RN1,10.765,-5.2,Cruz et al. 2009; Nat. Geosci
RN1,10.787,-5.92,Cruz et al. 2009; Nat. Geosci
RN1,10.809,-5.68,Cruz et al. 2009; Nat. Geosci
RN1,10.831,-5.58,Cruz et al. 2009; Nat. Geosci
RN1,10.876,-5.47,Cruz et al. 2009; Nat. Geosci
RN1,10.898,-6.21,Cruz et al. 2009; Nat. Geosci
RN1,10.92,-5.62,Cruz et al. 2009; Nat. Geosci
RN1,10.942,-4.92,Cruz et al. 2009; Nat. Geosci
RN1,10.965,-4.67,Cruz et al. 2009; Nat. Geosci
RN1,10.99,-5.62,Cruz et al. 2009; Nat. Geosci
RN1,11.019,-5.78,Cruz et al. 2009; Nat. Geosci
RN1,11.079,-5.44,Cruz et al. 2009; Nat. Geosci
RN1,11.109,-5.45,Cruz et al. 2009; Nat. Geosci
RN1,11.139,-4.41,Cruz et al. 2009; Nat. Geosci
RN1,11.169,-5.9,Cruz et al. 2009; Nat. Geosci
RN1,11.199,-5.04,Cruz et al. 2009; Nat. Geosci
RN1,11.229,-6.34,Cruz et al. 2009; Nat. Geosci
RN1,11.259,-6.11,Cruz et al. 2009; Nat. Geosci
RN1,11.289,-6.12,Cruz et al. 2009; Nat. Geosci
RN1,11.319,-4.51,Cruz et al. 2009; Nat. Geosci
RN1,11.349,-3.47,Cruz et al. 2009; Nat. Geosci
RN1,11.379,-4.03,Cruz et al. 2009; Nat. Geosci
RN1,11.409,-5.17,Cruz et al. 2009; Nat. Geosci
RN1,11.439,-2.85,Cruz et al. 2009; Nat. Geosci
RN1,11.469,-6.08,Cruz et al. 2009; Nat. Geosci
RN1,11.499,-3.95,Cruz et al. 2009; Nat. Geosci
RN1,11.529,-3.87,Cruz et al. 2009; Nat. Geosci
RN1,11.559,-5.85,Cruz et al. 2009; Nat. Geosci
RN1,11.589,-3.95,Cruz et al. 2009; Nat. Geosci
RN1,11.619,-5.41,Cruz et al. 2009; Nat. Geosci
RN1,11.649,-5.46,Cruz et al. 2009; Nat. Geosci
RN1,11.679,-4.06,Cruz et al. 2009; Nat. Geosci
RN1,11.709,-3.93,Cruz et al. 2009; Nat. Geosci
RN1,11.739,-3.61,Cruz et al. 2009; Nat. Geosci
RN1,11.769,-3.76,Cruz et al. 2009; Nat. Geosci
RN1,11.799,-3.81,Cruz et al. 2009; Nat. Geosci
RN1,11.829,-4.34,Cruz et al. 2009; Nat. Geosci
RN1,11.859,-5.74,Cruz et al. 2009; Nat. Geosci
RN1,11.889,-4.22,Cruz et al. 2009; Nat. Geosci
RN1,11.919,-5.44,Cruz et al. 2009; Nat. Geosci
RN1,11.949,-7.51,Cruz et al. 2009; Nat. Geosci
RN1,11.979,-2.66,Cruz et al. 2009; Nat. Geosci
RN1,12.039,-4.26,Cruz et al. 2009; Nat. Geosci
RN1,12.069,-5.9,Cruz et al. 2009; Nat. Geosci
RN1,12.099,-3.47,Cruz et al. 2009; Nat. Geosci
RN1,12.129,-5.31,Cruz et al. 2009; Nat. Geosci
RN1,12.159,-5.86,Cruz et al. 2009; Nat. Geosci
RN1,12.189,-4.74,Cruz et al. 2009; Nat. Geosci
RN1,12.219,-4.85,Cruz et al. 2009; Nat. Geosci
RN1,12.249,-4.78,Cruz et al. 2009; Nat. Geosci
RN1,12.279,-4.76,Cruz et al. 2009; Nat. Geosci
RN1,12.309,-3.24,Cruz et al. 2009; Nat. Geosci
RN1,12.339,-2.89,Cruz et al. 2009; Nat. Geosci
RN1,12.369,-2.99,Cruz et al. 2009; Nat. Geosci
RN1,12.399,-4.23,Cruz et al. 2009; Nat. Geosci
RN1,12.429,-3.48,Cruz et al. 2009; Nat. Geosci
RN1,12.459,-1.99,Cruz et al. 2009; Nat. Geosci
RN1,12.519,-4.53,Cruz et al. 2009; Nat. Geosci
RN1,17.119,-5.82,Cruz et al. 2009; Nat. Geosci
RN1,17.123,-2.92,Cruz et al. 2009; Nat. Geosci
RN1,17.127,-1.97,Cruz et al. 2009; Nat. Geosci
RN1,17.131,-3.53,Cruz et al. 2009; Nat. Geosci
RN1,17.135,-2.31,Cruz et al. 2009; Nat. Geosci
RN1,17.139,-3.89,Cruz et al. 2009; Nat. Geosci
RN1,17.142,-2.35,Cruz et al. 2009; Nat. Geosci
RN1,17.146,-2.71,Cruz et al. 2009; Nat. Geosci
RN1,17.15,-2.61,Cruz et al. 2009; Nat. Geosci
RN1,17.154,-2.55,Cruz et al. 2009; Nat. Geosci
RN1,17.158,-2.59,Cruz et al. 2009; Nat. Geosci
RN1,17.161,-4.25,Cruz et al. 2009; Nat. Geosci
RN1,17.165,-2.97,Cruz et al. 2009; Nat. Geosci
RN1,17.169,-2.74,Cruz et al. 2009; Nat. Geosci
RN1,17.173,-1.95,Cruz et al. 2009; Nat. Geosci
RN1,17.177,-2.11,Cruz et al. 2009; Nat. Geosci
RN1,17.18,-2.25,Cruz et al. 2009; Nat. Geosci
RN1,17.184,-2.23,Cruz et al. 2009; Nat. Geosci
RN1,17.188,-3,Cruz et al. 2009; Nat. Geosci
RN1,17.192,-2.77,Cruz et al. 2009; Nat. Geosci
RN1,17.196,-3.12,Cruz et al. 2009; Nat. Geosci
RN1,17.199,-2.07,Cruz et al. 2009; Nat. Geosci
RN1,17.203,-3.01,Cruz et al. 2009; Nat. Geosci
RN1,17.207,-2.08,Cruz et al. 2009; Nat. Geosci
RN1,17.211,-2.14,Cruz et al. 2009; Nat. Geosci
RN1,17.215,-2.82,Cruz et al. 2009; Nat. Geosci
RN1,17.218,-4.35,Cruz et al. 2009; Nat. Geosci
RN1,17.222,-2.97,Cruz et al. 2009; Nat. Geosci
RN1,17.226,-1.53,Cruz et al. 2009; Nat. Geosci
RN1,17.23,-3.09,Cruz et al. 2009; Nat. Geosci
RN1,17.234,-3.18,Cruz et al. 2009; Nat. Geosci
RN1,17.237,-3.86,Cruz et al. 2009; Nat. Geosci
RN1,17.241,-4.07,Cruz et al. 2009; Nat. Geosci
RN1,17.245,-1.69,Cruz et al. 2009; Nat. Geosci
RN1,17.249,-1.22,Cruz et al. 2009; Nat. Geosci
RN1,17.253,-3.08,Cruz et al. 2009; Nat. Geosci
RN1,17.256,-3.16,Cruz et al. 2009; Nat. Geosci
RN1,17.26,-3.7,Cruz et al. 2009; Nat. Geosci
RN1,17.264,-2.73,Cruz et al. 2009; Nat. Geosci
RN1,17.268,-5.38,Cruz et al. 2009; Nat. Geosci
RN1,17.272,-3.41,Cruz et al. 2009; Nat. Geosci
RN1,17.275,-4.55,Cruz et al. 2009; Nat. Geosci
RN1,17.279,-4.61,Cruz et al. 2009; Nat. Geosci
RN1,17.283,-4.06,Cruz et al. 2009; Nat. Geosci
RN1,17.287,-4.73,Cruz et al. 2009; Nat. Geosci
RN1,17.291,-4.78,Cruz et al. 2009; Nat. Geosci
RN1,17.294,-4.94,Cruz et al. 2009; Nat. Geosci
RN1,17.298,-4.5,Cruz et al. 2009; Nat. Geosci
RN1,17.302,-4.04,Cruz et al. 2009; Nat. Geosci
RN1,17.306,-3.73,Cruz et al. 2009; Nat. Geosci
RN1,17.31,-5.44,Cruz et al. 2009; Nat. Geosci
RN1,17.313,-4.92,Cruz et al. 2009; Nat. Geosci
RN1,17.317,-4.63,Cruz et al. 2009; Nat. Geosci
RN1,17.321,-2.92,Cruz et al. 2009; Nat. Geosci
RN1,17.325,-4.57,Cruz et al. 2009; Nat. Geosci
RN1,17.329,-5.07,Cruz et al. 2009; Nat. Geosci
RN1,17.332,-2.61,Cruz et al. 2009; Nat. Geosci
RN1,17.336,-3.01,Cruz et al. 2009; Nat. Geosci
RN1,17.34,-3.61,Cruz et al. 2009; Nat. Geosci
RN1,17.344,-4.33,Cruz et al. 2009; Nat. Geosci
RN1,17.348,-2.23,Cruz et al. 2009; Nat. Geosci
RN1,17.351,-2.4,Cruz et al. 2009; Nat. Geosci
RN1,17.355,-3.15,Cruz et al. 2009; Nat. Geosci
RN1,17.359,-2.84,Cruz et al. 2009; Nat. Geosci
RN1,17.363,-2.51,Cruz et al. 2009; Nat. Geosci
RN1,17.367,-3.27,Cruz et al. 2009; Nat. Geosci
RN1,17.37,-2.97,Cruz et al. 2009; Nat. Geosci
RN1,17.374,-2.52,Cruz et al. 2009; Nat. Geosci
RN1,17.378,-2.21,Cruz et al. 2009; Nat. Geosci
RN1,17.382,-2.33,Cruz et al. 2009; Nat. Geosci
RN1,17.385,-2.47,Cruz et al. 2009; Nat. Geosci
RN1,17.442,-2.11,Cruz et al. 2009; Nat. Geosci
RN1,17.484,-1.8,Cruz et al. 2009; Nat. Geosci
RN1,17.525,-2.09,Cruz et al. 2009; Nat. Geosci
RN1,17.566,-1.8,Cruz et al. 2009; Nat. Geosci
RN1,17.607,-1.87,Cruz et al. 2009; Nat. Geosci
RN1,17.648,-2.16,Cruz et al. 2009; Nat. Geosci
RN1,17.69,-3.35,Cruz et al. 2009; Nat. Geosci
RN1,17.731,-2.45,Cruz et al. 2009; Nat. Geosci
RN1,17.772,-2.72,Cruz et al. 2009; Nat. Geosci
RN1,17.813,-2.52,Cruz et al. 2009; Nat. Geosci
RN1,17.855,-2.06,Cruz et al. 2009; Nat. Geosci
RN1,17.896,-2.44,Cruz et al. 2009; Nat. Geosci
RN1,17.937,-3.69,Cruz et al. 2009; Nat. Geosci
RN1,17.978,-3.46,Cruz et al. 2009; Nat. Geosci
RN1,18.02,-2.34,Cruz et al. 2009; Nat. Geosci
RN1,18.061,-2.66,Cruz et al. 2009; Nat. Geosci
RN1,18.102,-2.42,Cruz et al. 2009; Nat. Geosci
RN1,18.143,-3.2737,Cruz et al. 2009; Nat. Geosci
RN1,18.185,-3.12321,Cruz et al. 2009; Nat. Geosci
RN1,18.226,-2.96819,Cruz et al. 2009; Nat. Geosci
RN1,18.267,-2.87333,Cruz et al. 2009; Nat. Geosci
RN1,18.308,-2.64018,Cruz et al. 2009; Nat. Geosci
RN1,18.349,-2.97938,Cruz et al. 2009; Nat. Geosci
RN1,18.391,-2.10905,Cruz et al. 2009; Nat. Geosci
RN1,18.415,-1.73292,Cruz et al. 2009; Nat. Geosci
RN1,18.581,-2.1964,Cruz et al. 2009; Nat. Geosci
RN1,18.658,-1.39803,Cruz et al. 2009; Nat. Geosci
RN1,18.735,-2.09476,Cruz et al. 2009; Nat. Geosci
RN1,18.812,-1.83107,Cruz et al. 2009; Nat. Geosci
RN1,18.888,-1.99275,Cruz et al. 2009; Nat. Geosci
RN1,18.965,-2.27322,Cruz et al. 2009; Nat. Geosci
RN1,19.042,-1.85136,Cruz et al. 2009; Nat. Geosci
RN1,19.119,-1.96251,Cruz et al. 2009; Nat. Geosci
RN1,19.273,-0.72401,Cruz et al. 2009; Nat. Geosci
RN1,19.35,-1.68158,Cruz et al. 2009; Nat. Geosci
RN1,19.427,-2.42078,Cruz et al. 2009; Nat. Geosci
RN1,19.504,-2.34838,Cruz et al. 2009; Nat. Geosci
RN1,19.581,-1.7987,Cruz et al. 2009; Nat. Geosci
RN1,19.658,-1.5725,Cruz et al. 2009; Nat. Geosci
RN1,19.735,-1.52191,Cruz et al. 2009; Nat. Geosci
RN1,19.812,-1.89482,Cruz et al. 2009; Nat. Geosci
RN1,19.888,-1.5843,Cruz et al. 2009; Nat. Geosci
RN1,19.965,-2.15346,Cruz et al. 2009; Nat. Geosci
RN1,20.042,-2.70911,Cruz et al. 2009; Nat. Geosci
RN1,20.119,-2.35043,Cruz et al. 2009; Nat. Geosci
RN1,20.196,-2.18477,Cruz et al. 2009; Nat. Geosci
RN1,20.273,-1.46215,Cruz et al. 2009; Nat. Geosci
RN1,20.35,-1.3938,Cruz et al. 2009; Nat. Geosci
RN1,20.427,-1.96687,Cruz et al. 2009; Nat. Geosci
RN1,20.504,-2.24283,Cruz et al. 2009; Nat. Geosci
RN1,20.581,-1.57647,Cruz et al. 2009; Nat. Geosci
RN1,20.658,-2.49276,Cruz et al. 2009; Nat. Geosci
RN1,20.735,-2.08101,Cruz et al. 2009; Nat. Geosci
RN1,20.812,-1.71192,Cruz et al. 2009; Nat. Geosci
RN1,20.888,-2.47242,Cruz et al. 2009; Nat. Geosci
RN1,20.965,-2.44803,Cruz et al. 2009; Nat. Geosci
RN1,21.042,-2.27163,Cruz et al. 2009; Nat. Geosci
RN1,21.119,-1.53335,Cruz et al. 2009; Nat. Geosci
RN1,21.196,-1.29892,Cruz et al. 2009; Nat. Geosci
RN1,21.273,-1.63402,Cruz et al. 2009; Nat. Geosci
RN1,21.35,-1.6945,Cruz et al. 2009; Nat. Geosci
RN1,21.427,-1.42459,Cruz et al. 2009; Nat. Geosci
RN1,21.504,-2.1299,Cruz et al. 2009; Nat. Geosci
RN1,21.581,-2.10862,Cruz et al. 2009; Nat. Geosci
RN1,21.658,-1.89528,Cruz et al. 2009; Nat. Geosci
RN1,21.735,-2.21436,Cruz et al. 2009; Nat. Geosci
RN1,21.812,-2.29227,Cruz et al. 2009; Nat. Geosci
RN1,21.888,-2.42556,Cruz et al. 2009; Nat. Geosci
RN1,21.965,-2.25153,Cruz et al. 2009; Nat. Geosci
RN1,22.042,-1.73931,Cruz et al. 2009; Nat. Geosci
RN1,22.119,-2.37554,Cruz et al. 2009; Nat. Geosci
RN1,22.196,-1.99608,Cruz et al. 2009; Nat. Geosci
RN1,22.273,-1.6569,Cruz et al. 2009; Nat. Geosci
RN1,22.35,-1.64379,Cruz et al. 2009; Nat. Geosci
RN1,22.427,-1.65192,Cruz et al. 2009; Nat. Geosci
RN1,22.504,-1.8528,Cruz et al. 2009; Nat. Geosci
RN1,22.581,-2.32462,Cruz et al. 2009; Nat. Geosci
RN1,22.658,-2.26893,Cruz et al. 2009; Nat. Geosci
RN1,22.735,-2.27251,Cruz et al. 2009; Nat. Geosci
RN1,22.812,-2.03163,Cruz et al. 2009; Nat. Geosci
RN1,22.888,-2.35839,Cruz et al. 2009; Nat. Geosci
RN1,22.965,-1.9395,Cruz et al. 2009; Nat. Geosci
RN1,23.042,-1.40745,Cruz et al. 2009; Nat. Geosci
RN1,23.119,-1.49621,Cruz et al. 2009; Nat. Geosci
RN1,23.196,-2.02034,Cruz et al. 2009; Nat. Geosci
RN1,23.273,-1.97055,Cruz et al. 2009; Nat. Geosci
RN1,23.35,-2.25107,Cruz et al. 2009; Nat. Geosci
RN1,23.427,-2.00277,Cruz et al. 2009; Nat. Geosci
RN1,23.504,-1.62056,Cruz et al. 2009; Nat. Geosci
RN1,23.581,-1.93382,Cruz et al. 2009; Nat. Geosci
RN1,23.658,-2.20566,Cruz et al. 2009; Nat. Geosci
RN1,23.735,-1.99731,Cruz et al. 2009; Nat. Geosci
RN1,23.812,-2.0352,Cruz et al. 2009; Nat. Geosci
RN1,23.888,-0.9718,Cruz et al. 2009; Nat. Geosci
RN1,23.965,-1.60201,Cruz et al. 2009; Nat. Geosci
RN1,24.042,-2.60966,Cruz et al. 2009; Nat. Geosci
RN1,24.119,-1.88947,Cruz et al. 2009; Nat. Geosci
FN1,0.004,-2.39,Cruz et al. 2009; Nat. Geosci
FN1,0.064,-2.21,Cruz et al. 2009; Nat. Geosci
FN1,0.122,-2.55,Cruz et al. 2009; Nat. Geosci
FN1,0.176,-2.72,Cruz et al. 2009; Nat. Geosci
FN1,0.228,-2,Cruz et al. 2009; Nat. Geosci
FN1,0.278,-2.09,Cruz et al. 2009; Nat. Geosci
FN1,0.325,-2.26,Cruz et al. 2009; Nat. Geosci
FN1,0.37,-1.68,Cruz et al. 2009; Nat. Geosci
FN1,0.413,-1.4,Cruz et al. 2009; Nat. Geosci
FN1,0.453,-1.24,Cruz et al. 2009; Nat. Geosci
FN1,0.492,-1.55,Cruz et al. 2009; Nat. Geosci
FN1,0.529,-2.67,Cruz et al. 2009; Nat. Geosci
FN1,0.564,-2.08,Cruz et al. 2009; Nat. Geosci
FN1,0.597,-1.78,Cruz et al. 2009; Nat. Geosci
FN1,0.628,-2.37,Cruz et al. 2009; Nat. Geosci
FN1,0.658,-1.73,Cruz et al. 2009; Nat. Geosci
FN1,0.687,-2.58,Cruz et al. 2009; Nat. Geosci
FN1,0.714,-2.51,Cruz et al. 2009; Nat. Geosci
FN1,0.739,-2.58,Cruz et al. 2009; Nat. Geosci
FN1,0.764,-1.07,Cruz et al. 2009; Nat. Geosci
FN1,0.787,-1.96,Cruz et al. 2009; Nat. Geosci
FN1,0.809,-2.69,Cruz et al. 2009; Nat. Geosci
FN1,0.83,-2.96,Cruz et al. 2009; Nat. Geosci
FN1,0.849,-3.47,Cruz et al. 2009; Nat. Geosci
FN1,0.868,-2.59,Cruz et al. 2009; Nat. Geosci
FN1,0.886,-2.84,Cruz et al. 2009; Nat. Geosci
FN1,0.903,-2.68,Cruz et al. 2009; Nat. Geosci
FN1,0.919,-3.29,Cruz et al. 2009; Nat. Geosci
FN1,0.935,-3.09,Cruz et al. 2009; Nat. Geosci
FN1,0.949,-3.16,Cruz et al. 2009; Nat. Geosci
FN1,0.963,-2.72,Cruz et al. 2009; Nat. Geosci
FN1,0.977,-2.93,Cruz et al. 2009; Nat. Geosci
FN1,0.989,-3.34,Cruz et al. 2009; Nat. Geosci
FN1,1.002,-2.1,Cruz et al. 2009; Nat. Geosci
FN1,1.013,-3.39,Cruz et al. 2009; Nat. Geosci
FN1,1.025,-3.04,Cruz et al. 2009; Nat. Geosci
FN1,1.035,-3.56,Cruz et al. 2009; Nat. Geosci
FN1,1.046,-3.4,Cruz et al. 2009; Nat. Geosci
FN1,1.056,-3.45,Cruz et al. 2009; Nat. Geosci
FN1,1.066,-3.36,Cruz et al. 2009; Nat. Geosci
FN1,1.075,-2.6,Cruz et al. 2009; Nat. Geosci
FN1,1.085,-2.7,Cruz et al. 2009; Nat. Geosci
FN1,1.094,-2.87,Cruz et al. 2009; Nat. Geosci
FN1,1.103,-1.72,Cruz et al. 2009; Nat. Geosci
FN1,1.111,-2.95,Cruz et al. 2009; Nat. Geosci
FN1,1.12,-2.79,Cruz et al. 2009; Nat. Geosci
FN1,1.128,-2.87,Cruz et al. 2009; Nat. Geosci
FN1,1.136,-2.9,Cruz et al. 2009; Nat. Geosci
FN1,1.145,-2.64,Cruz et al. 2009; Nat. Geosci
FN1,1.153,-2.25,Cruz et al. 2009; Nat. Geosci
FN1,1.161,-2.53,Cruz et al. 2009; Nat. Geosci
FN1,1.169,-1.6,Cruz et al. 2009; Nat. Geosci
FN1,1.177,-0.94,Cruz et al. 2009; Nat. Geosci
FN1,1.185,-1.69,Cruz et al. 2009; Nat. Geosci
FN1,1.193,-1.54,Cruz et al. 2009; Nat. Geosci
FN1,1.201,-1.98,Cruz et al. 2009; Nat. Geosci
FN1,1.209,-1.84,Cruz et al. 2009; Nat. Geosci
FN1,1.218,-1.68,Cruz et al. 2009; Nat. Geosci
FN1,1.226,-2.35,Cruz et al. 2009; Nat. Geosci
FN1,1.234,-2.71,Cruz et al. 2009; Nat. Geosci
FN1,1.243,-1.79,Cruz et al. 2009; Nat. Geosci
FN1,1.251,-1.93,Cruz et al. 2009; Nat. Geosci
FN1,1.261,-1.62,Cruz et al. 2009; Nat. Geosci
FN1,1.279,-1.28,Cruz et al. 2009; Nat. Geosci
FN1,1.297,-1.59,Cruz et al. 2009; Nat. Geosci
FN1,1.316,-2,Cruz et al. 2009; Nat. Geosci
FN1,1.335,-2.96,Cruz et al. 2009; Nat. Geosci
FN1,1.354,-1.53,Cruz et al. 2009; Nat. Geosci
FN1,1.374,-1.37,Cruz et al. 2009; Nat. Geosci
FN1,1.395,-1.17,Cruz et al. 2009; Nat. Geosci
FN1,1.416,-1.51,Cruz et al. 2009; Nat. Geosci
FN1,1.437,-1.06,Cruz et al. 2009; Nat. Geosci
FN1,1.459,-1.9,Cruz et al. 2009; Nat. Geosci
FN1,1.481,-2.22,Cruz et al. 2009; Nat. Geosci
FN1,1.504,-2.88,Cruz et al. 2009; Nat. Geosci
FN1,1.526,-2.51,Cruz et al. 2009; Nat. Geosci
FN1,1.549,-2.63,Cruz et al. 2009; Nat. Geosci
FN1,1.573,-3.3,Cruz et al. 2009; Nat. Geosci
FN1,1.596,-2.62,Cruz et al. 2009; Nat. Geosci
FN1,1.62,-1.89,Cruz et al. 2009; Nat. Geosci
FN1,1.643,-2.45,Cruz et al. 2009; Nat. Geosci
FN1,1.667,-2.54,Cruz et al. 2009; Nat. Geosci
FN1,1.691,-2.35,Cruz et al. 2009; Nat. Geosci
FN1,1.714,-2.73,Cruz et al. 2009; Nat. Geosci
FN1,1.738,-2.83,Cruz et al. 2009; Nat. Geosci
FN1,1.762,-3.48,Cruz et al. 2009; Nat. Geosci
FN1,1.785,-2.73,Cruz et al. 2009; Nat. Geosci
FN1,1.809,-2.82,Cruz et al. 2009; Nat. Geosci
FN1,1.832,-2.97,Cruz et al. 2009; Nat. Geosci
FN1,1.856,-3.01,Cruz et al. 2009; Nat. Geosci
FN1,1.879,-3.29,Cruz et al. 2009; Nat. Geosci
FN1,1.903,-2.39,Cruz et al. 2009; Nat. Geosci
FN1,1.926,-3.06,Cruz et al. 2009; Nat. Geosci
FN1,1.95,-3.32,Cruz et al. 2009; Nat. Geosci
FN1,1.974,-3.07,Cruz et al. 2009; Nat. Geosci
FN1,1.999,-2.38,Cruz et al. 2009; Nat. Geosci
FN1,2.024,-1.15,Cruz et al. 2009; Nat. Geosci
FN1,2.05,-1.24,Cruz et al. 2009; Nat. Geosci
FN1,2.076,-0.81,Cruz et al. 2009; Nat. Geosci
FN1,2.104,-2.03,Cruz et al. 2009; Nat. Geosci
FN1,2.132,-1.99,Cruz et al. 2009; Nat. Geosci
FN1,2.162,-2.95,Cruz et al. 2009; Nat. Geosci
FN1,2.194,-2.63,Cruz et al. 2009; Nat. Geosci
FN1,2.228,-2.28,Cruz et al. 2009; Nat. Geosci
FN1,2.263,-2.44,Cruz et al. 2009; Nat. Geosci
FN1,2.302,-2.57,Cruz et al. 2009; Nat. Geosci
FN1,2.343,-2.82,Cruz et al. 2009; Nat. Geosci
FN1,2.387,-2.7,Cruz et al. 2009; Nat. Geosci
FN1,2.435,-3.07,Cruz et al. 2009; Nat. Geosci
FN1,2.487,-1.9,Cruz et al. 2009; Nat. Geosci
FN1,2.544,-1.66,Cruz et al. 2009; Nat. Geosci
FN1,2.605,-1.83,Cruz et al. 2009; Nat. Geosci
FN1,2.672,-2.51,Cruz et al. 2009; Nat. Geosci
FN1,2.745,-2.32,Cruz et al. 2009; Nat. Geosci
FN1,2.825,-2.96,Cruz et al. 2009; Nat. Geosci
FN1,2.911,-2.46,Cruz et al. 2009; Nat. Geosci
FN1,3.006,-3.19,Cruz et al. 2009; Nat. Geosci
FN1,3.109,-3.15,Cruz et al. 2009; Nat. Geosci
FN1,3.221,-2.72,Cruz et al. 2009; Nat. Geosci
FN1,3.344,-3.07,Cruz et al. 2009; Nat. Geosci
FN1,3.477,-2.89,Cruz et al. 2009; Nat. Geosci
FN1,3.622,-1.47,Cruz et al. 2009; Nat. Geosci
Abyssal,24.283,-4.41,Cruz et al. 2009; Nat. Geosci
Abyssal,24.3,-4.45,Cruz et al. 2009; Nat. Geosci
Abyssal,24.317,-4.03,Cruz et al. 2009; Nat. Geosci
Abyssal,24.334,-2.84,Cruz et al. 2009; Nat. Geosci
Abyssal,24.351,-2.91,Cruz et al. 2009; Nat. Geosci
Abyssal,24.367,-3.04,Cruz et al. 2009; Nat. Geosci
Abyssal,24.384,-2.93,Cruz et al. 2009; Nat. Geosci
Abyssal,24.401,-3.05,Cruz et al. 2009; Nat. Geosci
Abyssal,24.418,-2.76,Cruz et al. 2009; Nat. Geosci
Abyssal,24.434,-2.96,Cruz et al. 2009; Nat. Geosci
Abyssal,24.451,-3.34,Cruz et al. 2009; Nat. Geosci
Abyssal,24.468,-2.76,Cruz et al. 2009; Nat. Geosci
Abyssal,24.485,-2.77,Cruz et al. 2009; Nat. Geosci
Abyssal,24.501,-2.38,Cruz et al. 2009; Nat. Geosci
Abyssal,24.518,-2.58,Cruz et al. 2009; Nat. Geosci
Abyssal,24.535,-2.69,Cruz et al. 2009; Nat. Geosci
Abyssal,24.551,-2.39,Cruz et al. 2009; Nat. Geosci
Abyssal,24.568,-2.5,Cruz et al. 2009; Nat. Geosci
Abyssal,24.585,-2.63,Cruz et al. 2009; Nat. Geosci
Abyssal,24.602,-2.77,Cruz et al. 2009; Nat. Geosci
Abyssal,24.618,-3.22,Cruz et al. 2009; Nat. Geosci
Abyssal,24.635,-3.52,Cruz et al. 2009; Nat. Geosci
Abyssal,24.652,-3.17,Cruz et al. 2009; Nat. Geosci
Abyssal,24.669,-2.87,Cruz et al. 2009; Nat. Geosci
Abyssal,24.685,-3.11,Cruz et al. 2009; Nat. Geosci
Abyssal,24.702,-2.85,Cruz et al. 2009; Nat. Geosci
Abyssal,24.719,-3.14,Cruz et al. 2009; Nat. Geosci
Abyssal,24.736,-3.04,Cruz et al. 2009; Nat. Geosci
Abyssal,24.752,-3.38,Cruz et al. 2009; Nat. Geosci
Abyssal,24.769,-2.98,Cruz et al. 2009; Nat. Geosci
Abyssal,24.786,-2.79,Cruz et al. 2009; Nat. Geosci
Abyssal,24.803,-2.29,Cruz et al. 2009; Nat. Geosci
Abyssal,24.819,-2.58,Cruz et al. 2009; Nat. Geosci
Abyssal,24.836,-2.94,Cruz et al. 2009; Nat. Geosci
Abyssal,24.853,-3.07,Cruz et al. 2009; Nat. Geosci
Abyssal,24.869,-3.02,Cruz et al. 2009; Nat. Geosci
Abyssal,24.886,-3.34,Cruz et al. 2009; Nat. Geosci
Abyssal,24.903,-3.62,Cruz et al. 2009; Nat. Geosci
Abyssal,24.92,-3.28,Cruz et al. 2009; Nat. Geosci
Abyssal,24.936,-3.44,Cruz et al. 2009; Nat. Geosci
Abyssal,24.953,-3.49,Cruz et al. 2009; Nat. Geosci
Abyssal,24.97,-3.6,Cruz et al. 2009; Nat. Geosci
Abyssal,24.987,-3.42,Cruz et al. 2009; Nat. Geosci
Abyssal,25.003,-3.76,Cruz et al. 2009; Nat. Geosci
Abyssal,25.037,-4.42,Cruz et al. 2009; Nat. Geosci
Abyssal,25.054,-4.22,Cruz et al. 2009; Nat. Geosci
Abyssal,25.07,-3.41,Cruz et al. 2009; Nat. Geosci
Abyssal,25.087,-3.72,Cruz et al. 2009; Nat. Geosci
Abyssal,25.104,-4.29,Cruz et al. 2009; Nat. Geosci
Abyssal,25.121,-4.93,Cruz et al. 2009; Nat. Geosci
Abyssal,25.137,-5.36,Cruz et al. 2009; Nat. Geosci
Abyssal,25.154,-4.56,Cruz et al. 2009; Nat. Geosci
Abyssal,25.171,-4.07,Cruz et al. 2009; Nat. Geosci
Abyssal,25.187,-4.13,Cruz et al. 2009; Nat. Geosci
Abyssal,25.204,-4.75,Cruz et al. 2009; Nat. Geosci
Abyssal,25.221,-5.24,Cruz et al. 2009; Nat. Geosci
Abyssal,25.238,-5.56,Cruz et al. 2009; Nat. Geosci
Abyssal,25.254,-4.8,Cruz et al. 2009; Nat. Geosci
Abyssal,25.271,-4.33,Cruz et al. 2009; Nat. Geosci
Abyssal,25.305,-4.14,Cruz et al. 2009; Nat. Geosci
Abyssal,25.321,-4.37,Cruz et al. 2009; Nat. Geosci
Abyssal,25.338,-4.16,Cruz et al. 2009; Nat. Geosci
Abyssal,25.355,-3.89,Cruz et al. 2009; Nat. Geosci
Abyssal,25.372,-4.65,Cruz et al. 2009; Nat. Geosci
Abyssal,25.388,-4.56,Cruz et al. 2009; Nat. Geosci
Abyssal,25.405,-4.1,Cruz et al. 2009; Nat. Geosci
Abyssal,25.422,-4.46,Cruz et al. 2009; Nat. Geosci
Abyssal,25.438,-4.93,Cruz et al. 2009; Nat. Geosci
Abyssal,25.455,-4.56,Cruz et al. 2009; Nat. Geosci
Abyssal,25.472,-4.56,Cruz et al. 2009; Nat. Geosci
Abyssal,25.489,-4.44,Cruz et al. 2009; Nat. Geosci
Abyssal,25.505,-4.49,Cruz et al. 2009; Nat. Geosci
Abyssal,25.522,-4.75,Cruz et al. 2009; Nat. Geosci
Abyssal,25.539,-4.68,Cruz et al. 2009; Nat. Geosci
Abyssal,25.556,-4.76,Cruz et al. 2009; Nat. Geosci
Abyssal,25.572,-4.63,Cruz et al. 2009; Nat. Geosci
Abyssal,25.589,-4.63,Cruz et al. 2009; Nat. Geosci
Abyssal,25.606,-4.34,Cruz et al. 2009; Nat. Geosci
Abyssal,25.623,-4.48,Cruz et al. 2009; Nat. Geosci
Abyssal,25.639,-4.72,Cruz et al. 2009; Nat. Geosci
Abyssal,25.656,-4.94,Cruz et al. 2009; Nat. Geosci
Abyssal,25.673,-5.11,Cruz et al. 2009; Nat. Geosci
Abyssal,25.69,-5.19,Cruz et al. 2009; Nat. Geosci
Abyssal,25.706,-5.04,Cruz et al. 2009; Nat. Geosci
Abyssal,25.723,-5.26,Cruz et al. 2009; Nat. Geosci
Abyssal,25.756,-4.81,Cruz et al. 2009; Nat. Geosci
Abyssal,25.773,-4.65,Cruz et al. 2009; Nat. Geosci
Abyssal,25.79,-4.31,Cruz et al. 2009; Nat. Geosci
Abyssal,25.806,-4.29,Cruz et al. 2009; Nat. Geosci
ALE1,15.173,-3.79,Cruz et al. 2009; Nat. Geosci
ALE1,15.195,-3.608,Cruz et al. 2009; Nat. Geosci
ALE1,15.216,-4.562,Cruz et al. 2009; Nat. Geosci
ALE1,15.237,-4.083,Cruz et al. 2009; Nat. Geosci
ALE1,15.258,-2.683,Cruz et al. 2009; Nat. Geosci
ALE1,15.279,-4.665,Cruz et al. 2009; Nat. Geosci
ALE1,15.3,-4.323,Cruz et al. 2009; Nat. Geosci
ALE1,15.321,-4.171,Cruz et al. 2009; Nat. Geosci
ALE1,15.342,-3.823,Cruz et al. 2009; Nat. Geosci
ALE1,15.363,-3.757,Cruz et al. 2009; Nat. Geosci
ALE1,15.384,-2.858,Cruz et al. 2009; Nat. Geosci
ALE1,15.405,-3.582,Cruz et al. 2009; Nat. Geosci
ALE1,15.426,-6.314,Cruz et al. 2009; Nat. Geosci
ALE1,15.447,-3.921,Cruz et al. 2009; Nat. Geosci
ALE1,15.468,-3.839,Cruz et al. 2009; Nat. Geosci
ALE1,15.489,-4.623,Cruz et al. 2009; Nat. Geosci
ALE1,15.51,-4.517,Cruz et al. 2009; Nat. Geosci
ALE1,15.531,-3.989,Cruz et al. 2009; Nat. Geosci
ALE1,15.552,-3.668,Cruz et al. 2009; Nat. Geosci
ALE1,15.573,-4.325,Cruz et al. 2009; Nat. Geosci
ALE1,15.594,-4.04,Cruz et al. 2009; Nat. Geosci
ALE1,15.615,-4.323,Cruz et al. 2009; Nat. Geosci
ALE1,15.636,-4.654,Cruz et al. 2009; Nat. Geosci
ALE1,15.657,-5.608,Cruz et al. 2009; Nat. Geosci
ALE1,15.678,-3.612,Cruz et al. 2009; Nat. Geosci
ALE1,15.699,-4.562,Cruz et al. 2009; Nat. Geosci
ALE1,15.72,-4.555,Cruz et al. 2009; Nat. Geosci
ALE1,15.741,-4.593,Cruz et al. 2009; Nat. Geosci
ALE1,15.762,-4.169,Cruz et al. 2009; Nat. Geosci
ALE1,15.783,-3.974,Cruz et al. 2009; Nat. Geosci
ALE1,15.804,-4.252,Cruz et al. 2009; Nat. Geosci
ALE1,15.825,-4.475,Cruz et al. 2009; Nat. Geosci
ALE1,15.846,-4.823,Cruz et al. 2009; Nat. Geosci
ALE1,15.867,-4.458,Cruz et al. 2009; Nat. Geosci
ALE1,15.888,-4.316,Cruz et al. 2009; Nat. Geosci
ALE1,15.909,-3.764,Cruz et al. 2009; Nat. Geosci
ALE1,15.93,-3.692,Cruz et al. 2009; Nat. Geosci
ALE1,15.951,-3.4,Cruz et al. 2009; Nat. Geosci
ALE1,15.972,-2.842,Cruz et al. 2009; Nat. Geosci
ALE1,15.993,-3.737,Cruz et al. 2009; Nat. Geosci
ALE1,16.014,-4.207,Cruz et al. 2009; Nat. Geosci
ALE1,16.035,-4.939,Cruz et al. 2009; Nat. Geosci
ALE1,16.056,-4.635,Cruz et al. 2009; Nat. Geosci
ALE1,16.077,-3.985,Cruz et al. 2009; Nat. Geosci
ALE1,16.098,-4.077,Cruz et al. 2009; Nat. Geosci
ALE1,16.161,-6.376,Cruz et al. 2009; Nat. Geosci
ALE1,16.182,-4.678,Cruz et al. 2009; Nat. Geosci
ALE1,16.203,-4.522,Cruz et al. 2009; Nat. Geosci
ALE1,16.224,-3.188,Cruz et al. 2009; Nat. Geosci
ALE1,16.245,-2.69,Cruz et al. 2009; Nat. Geosci
ALE1,16.266,-3.56,Cruz et al. 2009; Nat. Geosci
ALE1,16.287,-2.515,Cruz et al. 2009; Nat. Geosci
ALE1,16.308,-3.104,Cruz et al. 2009; Nat. Geosci
ALE1,16.329,-2.907,Cruz et al. 2009; Nat. Geosci
ALE1,16.35,-5.462,Cruz et al. 2009; Nat. Geosci
ALE1,16.371,-4.097,Cruz et al. 2009; Nat. Geosci
ALE1,16.392,-3.421,Cruz et al. 2009; Nat. Geosci
ALE1,16.455,-5.233,Cruz et al. 2009; Nat. Geosci
ALE1,16.476,-2.989,Cruz et al. 2009; Nat. Geosci
ALE1,16.497,-3.301,Cruz et al. 2009; Nat. Geosci
ALE1,16.518,-3.55,Cruz et al. 2009; Nat. Geosci
ALE1,16.539,-4.556,Cruz et al. 2009; Nat. Geosci
ALE1,16.56,-3.491,Cruz et al. 2009; Nat. Geosci
ALE1,16.581,-3.041,Cruz et al. 2009; Nat. Geosci
ALE1,16.602,-2.816,Cruz et al. 2009; Nat. Geosci
ALE1,16.623,-4.864,Cruz et al. 2009; Nat. Geosci
ALE1,16.644,-3.93,Cruz et al. 2009; Nat. Geosci
ALE1,16.665,-3.591,Cruz et al. 2009; Nat. Geosci
ALE1,16.686,-4.112,Cruz et al. 2009; Nat. Geosci
ALE1,16.707,-4.362,Cruz et al. 2009; Nat. Geosci
ALE1,16.728,-3.499,Cruz et al. 2009; Nat. Geosci
ALE1,16.749,-2.259,Cruz et al. 2009; Nat. Geosci
ALE1,16.77,-1.788,Cruz et al. 2009; Nat. Geosci
ALE1,16.791,-3.045,Cruz et al. 2009; Nat. Geosci
ALE1,16.812,-2.727,Cruz et al. 2009; Nat. Geosci
ALE1,16.833,-2.333,Cruz et al. 2009; Nat. Geosci
ALE1,16.854,-4.84,Cruz et al. 2009; Nat. Geosci
ALE1,16.875,-3.546,Cruz et al. 2009; Nat. Geosci
ALE1,16.896,-3.564,Cruz et al. 2009; Nat. Geosci
ALE1,16.917,-3.92,Cruz et al. 2009; Nat. Geosci
ALE1,16.938,-4.959,Cruz et al. 2009; Nat. Geosci
ALE1,16.959,-3.253,Cruz et al. 2009; Nat. Geosci
ALE1,16.98,-2.168,Cruz et al. 2009; Nat. Geosci
ALE1,17.001,-2.131,Cruz et al. 2009; Nat. Geosci
ALE1,17.022,-1.965,Cruz et al. 2009; Nat. Geosci
ALE1,17.043,-1.049,Cruz et al. 2009; Nat. Geosci
ALE1,17.064,-1.866,Cruz et al. 2009; Nat. Geosci
ALE1,17.085,-1.975,Cruz et al. 2009; Nat. Geosci
ALE1,17.106,-4.797,Cruz et al. 2009; Nat. Geosci
ALE1,17.127,-2.786,Cruz et al. 2009; Nat. Geosci
ALE1,17.148,-3.931,Cruz et al. 2009; Nat. Geosci
ALE1,17.169,-3.154,Cruz et al. 2009; Nat. Geosci
ALE1,17.19,-3.005,Cruz et al. 2009; Nat. Geosci
ALE1,17.211,-2.153,Cruz et al. 2009; Nat. Geosci
ALE1,17.232,-3.537,Cruz et al. 2009; Nat. Geosci
ALE1,17.253,-3.949,Cruz et al. 2009; Nat. Geosci
ALE1,17.274,-4.103,Cruz et al. 2009; Nat. Geosci
ALE1,17.295,-5.09,Cruz et al. 2009; Nat. Geosci
ALE1,17.314,-2.485,Cruz et al. 2009; Nat. Geosci
