lat,lon,sampleID,siteID,entityID,elevation,d18,d13,age,Ref
-5.92,-77.35,41886,25,93,114,-6.935,-11.403,22,van Breukelen et al. 2008; EPSL
-5.92,-77.35,41887,25,93,114,-6.945,-11.391,25,van Breukelen et al. 2008; EPSL
-5.92,-77.35,41888,25,93,114,-7.13,-11.43,28,van Breukelen et al. 2008; EPSL
-5.92,-77.35,41889,25,93,114,-7.152,-11.649,31,van Breukelen et al. 2008; EPSL
-5.92,-77.35,41890,25,93,114,-7.017,-11.419,34,van Breukelen et al. 2008; EPSL
-5.92,-77.35,41891,25,93,114,-6.978,-11.289,37,van Breukelen et al. 2008; EPSL
-5.92,-77.35,41892,25,93,114,-7.108,-11.435,40,van Breukelen et al. 2008; EPSL
-5.92,-77.35,41893,25,93,114,-7.091,-11.417,43,van Breukelen et al. 2008; EPSL
-5.92,-77.35,41894,25,93,114,-7.059,-11.213,46,van Breukelen et al. 2008; EPSL
-5.92,-77.35,41895,25,93,114,-7.066,-11.38,49,van Breukelen et al. 2008; EPSL
-5.92,-77.35,41896,25,93,114,-7.015,-11.403,53,van Breukelen et al. 2008; EPSL
-5.92,-77.35,41897,25,93,114,-7.167,-11.368,56,van Breukelen et al. 2008; EPSL
-5.92,-77.35,41898,25,93,114,-7.046,-11.24,59,van Breukelen et al. 2008; EPSL
-5.92,-77.35,41899,25,93,114,-7.159,-11.338,62,van Breukelen et al. 2008; EPSL
-5.92,-77.35,41900,25,93,114,-7.169,-11.292,65,van Breukelen et al. 2008; EPSL
-5.92,-77.35,41901,25,93,114,-7.092,-11.332,68,van Breukelen et al. 2008; EPSL
-5.92,-77.35,41902,25,93,114,-7.104,-11.315,71,van Breukelen et al. 2008; EPSL
-5.92,-77.35,41903,25,93,114,-6.889,-11.283,74,van Breukelen et al. 2008; EPSL
-5.92,-77.35,41904,25,93,114,-6.957,-11.428,77,van Breukelen et al. 2008; EPSL
-5.92,-77.35,41905,25,93,114,-6.982,-11.378,80,van Breukelen et al. 2008; EPSL
-5.92,-77.35,41906,25,93,114,-6.851,-11.265,83,van Breukelen et al. 2008; EPSL
-5.92,-77.35,41907,25,93,114,-6.922,-11.249,86,van Breukelen et al. 2008; EPSL
-5.92,-77.35,41908,25,93,114,-6.959,-11.253,89,van Breukelen et al. 2008; EPSL
-5.92,-77.35,41909,25,93,114,-7.002,-11.233,92,van Breukelen et al. 2008; EPSL
-5.92,-77.35,41910,25,93,114,-6.972,-11.295,95,van Breukelen et al. 2008; EPSL
-5.92,-77.35,41911,25,93,114,-6.971,-11.146,98,van Breukelen et al. 2008; EPSL
-5.92,-77.35,41912,25,93,114,-7.06,-10.982,101,van Breukelen et al. 2008; EPSL
-5.92,-77.35,41913,25,93,114,-7.123,-10.806,104,van Breukelen et al. 2008; EPSL
-5.92,-77.35,41914,25,93,114,-6.98,-10.788,108,van Breukelen et al. 2008; EPSL
-5.92,-77.35,41915,25,93,114,-7.064,-10.909,111,van Breukelen et al. 2008; EPSL
-5.92,-77.35,41916,25,93,114,-7.029,-10.743,114,van Breukelen et al. 2008; EPSL
-5.92,-77.35,41917,25,93,114,-7.089,-10.935,117,van Breukelen et al. 2008; EPSL
-5.92,-77.35,41918,25,93,114,-7,-10.832,120,van Breukelen et al. 2008; EPSL
-5.92,-77.35,41919,25,93,114,-7.026,-11.114,123,van Breukelen et al. 2008; EPSL
-5.92,-77.35,41920,25,93,114,-7.136,-11.279,126,van Breukelen et al. 2008; EPSL
-5.92,-77.35,41921,25,93,114,-7.005,-11.091,129,van Breukelen et al. 2008; EPSL
-5.92,-77.35,41922,25,93,114,-7.072,-11.147,132,van Breukelen et al. 2008; EPSL
-5.92,-77.35,41923,25,93,114,-7.132,-10.86,135,van Breukelen et al. 2008; EPSL
-5.92,-77.35,41924,25,93,114,-7.073,-10.984,138,van Breukelen et al. 2008; EPSL
-5.92,-77.35,41925,25,93,114,-7.07,-11.028,141,van Breukelen et al. 2008; EPSL
-5.92,-77.35,41926,25,93,114,-6.975,-11.053,144,van Breukelen et al. 2008; EPSL
-5.92,-77.35,41927,25,93,114,-7.44,-10.897,147,van Breukelen et al. 2008; EPSL
-5.92,-77.35,41928,25,93,114,-6.798,-11.085,150,van Breukelen et al. 2008; EPSL
-5.92,-77.35,41929,25,93,114,-6.9,-11.071,153,van Breukelen et al. 2008; EPSL
-5.92,-77.35,41930,25,93,114,-6.902,-10.971,156,van Breukelen et al. 2008; EPSL
-5.92,-77.35,41931,25,93,114,-6.939,-10.97,160,van Breukelen et al. 2008; EPSL
-5.92,-77.35,41932,25,93,114,-7.022,-10.913,163,van Breukelen et al. 2008; EPSL
-5.92,-77.35,41933,25,93,114,-6.974,-10.975,166,van Breukelen et al. 2008; EPSL
-5.92,-77.35,41934,25,93,114,-7.176,-11.138,168,van Breukelen et al. 2008; EPSL
-5.92,-77.35,41935,25,93,114,-7.005,-10.713,170,van Breukelen et al. 2008; EPSL
-5.92,-77.35,41936,25,93,114,-7.038,-10.635,172,van Breukelen et al. 2008; EPSL
-5.92,-77.35,41937,25,93,114,-7.071,-10.785,175,van Breukelen et al. 2008; EPSL
-5.92,-77.35,41938,25,93,114,-7.133,-10.878,177,van Breukelen et al. 2008; EPSL
-5.92,-77.35,41939,25,93,114,-7.101,-10.889,179,van Breukelen et al. 2008; EPSL
-5.92,-77.35,41940,25,93,114,-7.008,-10.813,182,van Breukelen et al. 2008; EPSL
-5.92,-77.35,41941,25,93,114,-6.947,-10.756,184,van Breukelen et al. 2008; EPSL
-5.92,-77.35,41942,25,93,114,-6.987,-10.774,186,van Breukelen et al. 2008; EPSL
-5.92,-77.35,41943,25,93,114,-6.975,-10.581,191,van Breukelen et al. 2008; EPSL
-5.92,-77.35,41944,25,93,114,-7.064,-10.648,188,van Breukelen et al. 2008; EPSL
-5.92,-77.35,41945,25,93,114,-6.991,-10.448,193,van Breukelen et al. 2008; EPSL
-5.92,-77.35,41946,25,93,114,-6.999,-10.624,195,van Breukelen et al. 2008; EPSL
-5.92,-77.35,41947,25,93,114,-6.976,-10.774,197,van Breukelen et al. 2008; EPSL
-5.92,-77.35,41948,25,93,114,-7.294,-10.43,202,van Breukelen et al. 2008; EPSL
-5.92,-77.35,41949,25,93,114,-7.043,-10.648,200,van Breukelen et al. 2008; EPSL
-5.92,-77.35,41950,25,93,114,-7.049,-9.823,204,van Breukelen et al. 2008; EPSL
-5.92,-77.35,41951,25,93,114,-7.324,-10.009,206,van Breukelen et al. 2008; EPSL
-5.92,-77.35,41952,25,93,114,-7.433,-10.11,209,van Breukelen et al. 2008; EPSL
-5.92,-77.35,41953,25,93,114,-7.324,-10.134,211,van Breukelen et al. 2008; EPSL
-5.92,-77.35,41954,25,93,114,-7.171,-10.324,213,van Breukelen et al. 2008; EPSL
-5.92,-77.35,41955,25,93,114,-7.037,-10.506,216,van Breukelen et al. 2008; EPSL
-5.92,-77.35,41956,25,93,114,-6.977,-10.605,218,van Breukelen et al. 2008; EPSL
-5.92,-77.35,41957,25,93,114,-7.058,-10.721,220,van Breukelen et al. 2008; EPSL
-5.92,-77.35,41958,25,93,114,-7.107,-10.634,222,van Breukelen et al. 2008; EPSL
-5.92,-77.35,41959,25,93,114,-7.25,-10.668,225,van Breukelen et al. 2008; EPSL
-5.92,-77.35,41960,25,93,114,-7.171,-10.675,227,van Breukelen et al. 2008; EPSL
-5.92,-77.35,41961,25,93,114,-7.06,-10.566,229,van Breukelen et al. 2008; EPSL
-5.92,-77.35,41962,25,93,114,-7.123,-10.526,231,van Breukelen et al. 2008; EPSL
-5.92,-77.35,41963,25,93,114,-7.154,-10.599,234,van Breukelen et al. 2008; EPSL
-5.92,-77.35,41964,25,93,114,-7.268,-10.624,236,van Breukelen et al. 2008; EPSL
-5.92,-77.35,41965,25,93,114,-7.331,-10.651,238,van Breukelen et al. 2008; EPSL
-5.92,-77.35,41966,25,93,114,-7.165,-10.55,241,van Breukelen et al. 2008; EPSL
-5.92,-77.35,41967,25,93,114,-7.151,-10.507,243,van Breukelen et al. 2008; EPSL
-5.92,-77.35,41968,25,93,114,-7.136,-10.563,245,van Breukelen et al. 2008; EPSL
-5.92,-77.35,41969,25,93,114,-7.041,-10.718,247,van Breukelen et al. 2008; EPSL
-5.92,-77.35,41970,25,93,114,-7.124,-10.709,250,van Breukelen et al. 2008; EPSL
-5.92,-77.35,41971,25,93,114,-7.175,-10.526,252,van Breukelen et al. 2008; EPSL
-5.92,-77.35,41972,25,93,114,-7.042,-10.61,254,van Breukelen et al. 2008; EPSL
-5.92,-77.35,41973,25,93,114,-7.175,-10.676,259,van Breukelen et al. 2008; EPSL
-5.92,-77.35,41974,25,93,114,-7.192,-10.808,256,van Breukelen et al. 2008; EPSL
-5.92,-77.35,41975,25,93,114,-7.268,-10.55,261,van Breukelen et al. 2008; EPSL
-5.92,-77.35,41976,25,93,114,-7.067,-10.635,263,van Breukelen et al. 2008; EPSL
-5.92,-77.35,41977,25,93,114,-7.159,-10.805,266,van Breukelen et al. 2008; EPSL
-5.92,-77.35,41978,25,93,114,-7.146,-10.655,270,van Breukelen et al. 2008; EPSL
-5.92,-77.35,41979,25,93,114,-7.261,-10.757,268,van Breukelen et al. 2008; EPSL
-5.92,-77.35,41980,25,93,114,-7.259,-10.685,272,van Breukelen et al. 2008; EPSL
-5.92,-77.35,41981,25,93,114,-7.13,-10.311,275,van Breukelen et al. 2008; EPSL
-5.92,-77.35,41982,25,93,114,-6.79,-10.105,277,van Breukelen et al. 2008; EPSL
-5.92,-77.35,41983,25,93,114,-7.103,-10.28,279,van Breukelen et al. 2008; EPSL
-5.92,-77.35,41984,25,93,114,-7.01,-10.058,286,van Breukelen et al. 2008; EPSL
-5.92,-77.35,41985,25,93,114,-7.413,-10.008,292,van Breukelen et al. 2008; EPSL
-5.92,-77.35,41986,25,93,114,-7.15,-9.739,299,van Breukelen et al. 2008; EPSL
-5.92,-77.35,41988,25,93,114,-7.168,-9.665,312,van Breukelen et al. 2008; EPSL
-5.92,-77.35,41989,25,93,114,-6.746,-9.46,318,van Breukelen et al. 2008; EPSL
-5.92,-77.35,41990,25,93,114,-7.208,-9.872,325,van Breukelen et al. 2008; EPSL
-5.92,-77.35,41991,25,93,114,-7.07,-9.604,331,van Breukelen et al. 2008; EPSL
-5.92,-77.35,41992,25,93,114,-7.004,-9.368,337,van Breukelen et al. 2008; EPSL
-5.92,-77.35,41993,25,93,114,-7.046,-9.624,344,van Breukelen et al. 2008; EPSL
-5.92,-77.35,41994,25,93,114,-7.167,-9.884,350,van Breukelen et al. 2008; EPSL
-5.92,-77.35,41995,25,93,114,-7.155,-9.917,357,van Breukelen et al. 2008; EPSL
-5.92,-77.35,41996,25,93,114,-7.396,-9.412,363,van Breukelen et al. 2008; EPSL
-5.92,-77.35,41997,25,93,114,-7.166,-9.678,370,van Breukelen et al. 2008; EPSL
-5.92,-77.35,41998,25,93,114,-7.225,-9.792,376,van Breukelen et al. 2008; EPSL
-5.92,-77.35,41999,25,93,114,-7.347,-9.787,383,van Breukelen et al. 2008; EPSL
-5.92,-77.35,42000,25,93,114,-7.037,-9.75,389,van Breukelen et al. 2008; EPSL
-5.92,-77.35,42001,25,93,114,-7.145,-9.178,396,van Breukelen et al. 2008; EPSL
-5.92,-77.35,42002,25,93,114,-7.083,-9.466,402,van Breukelen et al. 2008; EPSL
-5.92,-77.35,42003,25,93,114,-7.24,-9.5,409,van Breukelen et al. 2008; EPSL
-5.92,-77.35,42004,25,93,114,-7.119,-9.444,415,van Breukelen et al. 2008; EPSL
-5.92,-77.35,42005,25,93,114,-6.986,-9.463,422,van Breukelen et al. 2008; EPSL
-5.92,-77.35,42006,25,93,114,-6.969,-9.332,428,van Breukelen et al. 2008; EPSL
-5.92,-77.35,42007,25,93,114,-7.074,-8.975,433,van Breukelen et al. 2008; EPSL
-5.92,-77.35,42008,25,93,114,-7.166,-9.165,437,van Breukelen et al. 2008; EPSL
-5.92,-77.35,42009,25,93,114,-7.14,-9.002,442,van Breukelen et al. 2008; EPSL
-5.92,-77.35,42010,25,93,114,-7.218,-8.727,446,van Breukelen et al. 2008; EPSL
-5.92,-77.35,42011,25,93,114,-7.176,-9.022,451,van Breukelen et al. 2008; EPSL
-5.92,-77.35,42012,25,93,114,-7.131,-8.567,455,van Breukelen et al. 2008; EPSL
-5.92,-77.35,42013,25,93,114,-7.194,-8.698,459,van Breukelen et al. 2008; EPSL
-5.92,-77.35,42014,25,93,114,-7.275,-8.787,464,van Breukelen et al. 2008; EPSL
-5.92,-77.35,42015,25,93,114,-7.192,-8.839,468,van Breukelen et al. 2008; EPSL
-5.92,-77.35,42016,25,93,114,-7.24,-8.693,473,van Breukelen et al. 2008; EPSL
-5.92,-77.35,42017,25,93,114,-7.301,-8.229,477,van Breukelen et al. 2008; EPSL
-5.92,-77.35,42018,25,93,114,-7.22,-8.465,482,van Breukelen et al. 2008; EPSL
-5.92,-77.35,42019,25,93,114,-7.264,-8.319,486,van Breukelen et al. 2008; EPSL
-5.92,-77.35,42020,25,93,114,-7.074,-8.293,491,van Breukelen et al. 2008; EPSL
-5.92,-77.35,42021,25,93,114,-7.049,-8.493,495,van Breukelen et al. 2008; EPSL
-5.92,-77.35,42022,25,93,114,-7.046,-8.384,500,van Breukelen et al. 2008; EPSL
-5.92,-77.35,42023,25,93,114,-7.055,-8.49,504,van Breukelen et al. 2008; EPSL
-5.92,-77.35,42024,25,93,114,-6.911,-8.13,508,van Breukelen et al. 2008; EPSL
-5.92,-77.35,42025,25,93,114,-6.822,-8.732,513,van Breukelen et al. 2008; EPSL
-5.92,-77.35,42026,25,93,114,-7.305,-8.764,517,van Breukelen et al. 2008; EPSL
-5.92,-77.35,42027,25,93,114,-6.921,-8.441,522,van Breukelen et al. 2008; EPSL
-5.92,-77.35,42028,25,93,114,-6.936,-8.646,526,van Breukelen et al. 2008; EPSL
-5.92,-77.35,42029,25,93,114,-7.085,-8.69,531,van Breukelen et al. 2008; EPSL
-5.92,-77.35,42030,25,93,114,-7.106,-8.692,535,van Breukelen et al. 2008; EPSL
-5.92,-77.35,42031,25,93,114,-7.156,-9.081,540,van Breukelen et al. 2008; EPSL
-5.92,-77.35,42032,25,93,114,-7.053,-9.107,544,van Breukelen et al. 2008; EPSL
-5.92,-77.35,42033,25,93,114,-6.801,-8.823,549,van Breukelen et al. 2008; EPSL
-5.92,-77.35,42034,25,93,114,-6.676,-8.59,553,van Breukelen et al. 2008; EPSL
-5.92,-77.35,42035,25,93,114,-7.137,-8.6,557,van Breukelen et al. 2008; EPSL
-5.92,-77.35,42036,25,93,114,-7.221,-8.656,562,van Breukelen et al. 2008; EPSL
-5.92,-77.35,42037,25,93,114,-7.058,-8.701,566,van Breukelen et al. 2008; EPSL
-5.92,-77.35,42038,25,93,114,-7.177,-8.706,571,van Breukelen et al. 2008; EPSL
-5.92,-77.35,42039,25,93,114,-6.967,-8.566,575,van Breukelen et al. 2008; EPSL
-5.92,-77.35,42040,25,93,114,-7.009,-8.478,580,van Breukelen et al. 2008; EPSL
-5.92,-77.35,42041,25,93,114,-7.16,-8.61,584,van Breukelen et al. 2008; EPSL
-5.92,-77.35,42042,25,93,114,-7.084,-8.589,589,van Breukelen et al. 2008; EPSL
-5.92,-77.35,42043,25,93,114,-7.037,-8.783,593,van Breukelen et al. 2008; EPSL
-5.92,-77.35,42044,25,93,114,-7.073,-9.185,598,van Breukelen et al. 2008; EPSL
-5.92,-77.35,42045,25,93,114,-7.114,-9.083,602,van Breukelen et al. 2008; EPSL
-5.92,-77.35,42046,25,93,114,-6.959,-8.922,606,van Breukelen et al. 2008; EPSL
-5.92,-77.35,42047,25,93,114,-7.032,-9.227,611,van Breukelen et al. 2008; EPSL
-5.92,-77.35,42048,25,93,114,-7.027,-9.409,618,van Breukelen et al. 2008; EPSL
-5.92,-77.35,42049,25,93,114,-6.959,-9.291,626,van Breukelen et al. 2008; EPSL
-5.92,-77.35,42050,25,93,114,-6.872,-9.515,633,van Breukelen et al. 2008; EPSL
-5.92,-77.35,42051,25,93,114,-6.914,-9.703,641,van Breukelen et al. 2008; EPSL
-5.92,-77.35,42052,25,93,114,-7.139,-9.77,648,van Breukelen et al. 2008; EPSL
-5.92,-77.35,42053,25,93,114,-7.081,-9.83,656,van Breukelen et al. 2008; EPSL
-5.92,-77.35,42054,25,93,114,-7.242,-9.68,663,van Breukelen et al. 2008; EPSL
-5.92,-77.35,42055,25,93,114,-7.198,-10.204,671,van Breukelen et al. 2008; EPSL
-5.92,-77.35,42056,25,93,114,-7.08,-10.131,678,van Breukelen et al. 2008; EPSL
-5.92,-77.35,42057,25,93,114,-7.231,-9.801,686,van Breukelen et al. 2008; EPSL
-5.92,-77.35,42058,25,93,114,-7.154,-9.808,693,van Breukelen et al. 2008; EPSL
-5.92,-77.35,42059,25,93,114,-7.105,-9.662,701,van Breukelen et al. 2008; EPSL
-5.92,-77.35,42060,25,93,114,-7.039,-9.517,708,van Breukelen et al. 2008; EPSL
-5.92,-77.35,42061,25,93,114,-7.012,-9.67,716,van Breukelen et al. 2008; EPSL
-5.92,-77.35,42062,25,93,114,-7.201,-9.362,723,van Breukelen et al. 2008; EPSL
-5.92,-77.35,42063,25,93,114,-6.948,-9.571,731,van Breukelen et al. 2008; EPSL
-5.92,-77.35,42064,25,93,114,-7.048,-9.838,738,van Breukelen et al. 2008; EPSL
-5.92,-77.35,42065,25,93,114,-7.034,-9.977,746,van Breukelen et al. 2008; EPSL
-5.92,-77.35,42066,25,93,114,-6.981,-9.721,753,van Breukelen et al. 2008; EPSL
-5.92,-77.35,42067,25,93,114,-7.055,-9.974,761,van Breukelen et al. 2008; EPSL
-5.92,-77.35,42068,25,93,114,-6.933,-10.065,768,van Breukelen et al. 2008; EPSL
-5.92,-77.35,42069,25,93,114,-7.008,-10.139,776,van Breukelen et al. 2008; EPSL
-5.92,-77.35,42070,25,93,114,-7.065,-10.037,783,van Breukelen et al. 2008; EPSL
-5.92,-77.35,42071,25,93,114,-7.061,-9.85,791,van Breukelen et al. 2008; EPSL
-5.92,-77.35,42072,25,93,114,-7,-9.793,798,van Breukelen et al. 2008; EPSL
-5.92,-77.35,42073,25,93,114,-7.076,-9.834,806,van Breukelen et al. 2008; EPSL
-5.92,-77.35,42074,25,93,114,-7.078,-10.125,813,van Breukelen et al. 2008; EPSL
-5.92,-77.35,42075,25,93,114,-7.048,-10.198,821,van Breukelen et al. 2008; EPSL
-5.92,-77.35,42076,25,93,114,-7.149,-10.113,828,van Breukelen et al. 2008; EPSL
-5.92,-77.35,42077,25,93,114,-6.997,-10.142,836,van Breukelen et al. 2008; EPSL
-5.92,-77.35,42078,25,93,114,-7,-10.03,843,van Breukelen et al. 2008; EPSL
-5.92,-77.35,42079,25,93,114,-7.073,-10.081,851,van Breukelen et al. 2008; EPSL
-5.92,-77.35,42080,25,94,114,-6.912,-10.6712,100,van Breukelen et al. 2008; EPSL
-5.92,-77.35,42081,25,94,114,-7.13725,-10.6489,104,van Breukelen et al. 2008; EPSL
-5.92,-77.35,42082,25,94,114,-7.21812,-10.8209,108,van Breukelen et al. 2008; EPSL
-5.92,-77.35,42083,25,94,114,-7.18144,-10.70833,112,van Breukelen et al. 2008; EPSL
-5.92,-77.35,42084,25,94,114,-6.97929,-10.7507,117,van Breukelen et al. 2008; EPSL
-5.92,-77.35,42085,25,94,114,-7.06475,-10.9054,121,van Breukelen et al. 2008; EPSL
-5.92,-77.35,42086,25,94,114,-7.4022,-11.238,125,van Breukelen et al. 2008; EPSL
-5.92,-77.35,42087,25,94,114,-7.2012,-10.5907,129,van Breukelen et al. 2008; EPSL
-5.92,-77.35,42089,25,94,114,-6.96375,-10.33713,137,van Breukelen et al. 2008; EPSL
-5.92,-77.35,42090,25,94,114,-6.93978,-10.7016,141,van Breukelen et al. 2008; EPSL
-5.92,-77.35,42091,25,94,114,-7.17087,-10.64375,145,van Breukelen et al. 2008; EPSL
-5.92,-77.35,42092,25,94,114,-7.28544,-10.882,150,van Breukelen et al. 2008; EPSL
-5.92,-77.35,42093,25,94,114,-6.89689,-10.37562,154,van Breukelen et al. 2008; EPSL
-5.92,-77.35,42094,25,94,114,-7.29478,-10.89988,158,van Breukelen et al. 2008; EPSL
-5.92,-77.35,42095,25,94,114,-7.1821,-10.58588,162,van Breukelen et al. 2008; EPSL
-5.92,-77.35,42096,25,94,114,-7.31888,-10.6112,166,van Breukelen et al. 2008; EPSL
-5.92,-77.35,42097,25,94,114,-7.28271,-10.80171,170,van Breukelen et al. 2008; EPSL
-5.92,-77.35,42099,25,94,114,-6.87714,-10.12833,179,van Breukelen et al. 2008; EPSL
-5.92,-77.35,42100,25,94,114,-6.64186,-10.025,184,van Breukelen et al. 2008; EPSL
-5.92,-77.35,42101,25,94,114,-8.08889,-10.776,189,van Breukelen et al. 2008; EPSL
-5.92,-77.35,42102,25,94,114,-7.4375,-10.68733,195,van Breukelen et al. 2008; EPSL
-5.92,-77.35,42103,25,94,114,-7.09833,-10.04878,200,van Breukelen et al. 2008; EPSL
-5.92,-77.35,42104,25,94,114,-7.52975,-10.24289,206,van Breukelen et al. 2008; EPSL
-5.92,-77.35,42105,25,94,114,-7.588,-10.52022,211,van Breukelen et al. 2008; EPSL
-5.92,-77.35,42107,25,94,114,-7.3347,-10.3742,222,van Breukelen et al. 2008; EPSL
-5.92,-77.35,42108,25,94,114,-7.06629,-10.1985,227,van Breukelen et al. 2008; EPSL
-5.92,-77.35,42110,25,94,114,-7.049,-10.30343,238,van Breukelen et al. 2008; EPSL
-5.92,-77.35,42111,25,94,114,-7.27144,-10.4424,244,van Breukelen et al. 2008; EPSL
-5.92,-77.35,42112,25,94,114,-6.98438,-10.0866,249,van Breukelen et al. 2008; EPSL
-5.92,-77.35,42113,25,94,114,-7.079,-10.14656,255,van Breukelen et al. 2008; EPSL
-5.92,-77.35,42114,25,94,114,-7.2732,-10.4627,260,van Breukelen et al. 2008; EPSL
-5.92,-77.35,42115,25,94,114,-6.90038,-9.9665,265,van Breukelen et al. 2008; EPSL
-5.92,-77.35,42117,25,94,114,-7.4682,-10.0682,276,van Breukelen et al. 2008; EPSL
-5.92,-77.35,42118,25,94,114,-7.094,-9.8265,282,van Breukelen et al. 2008; EPSL
-5.92,-77.35,42119,25,94,114,-7.41167,-10.0229,287,van Breukelen et al. 2008; EPSL
-5.92,-77.35,42120,25,94,114,-7.30278,-9.8227,293,van Breukelen et al. 2008; EPSL
-5.92,-77.35,42121,25,94,114,-6.94186,-9.5706,298,van Breukelen et al. 2008; EPSL
-5.92,-77.35,42123,25,94,114,-6.987,-9.40711,309,van Breukelen et al. 2008; EPSL
-5.92,-77.35,42124,25,94,114,-7.2136,-9.6505,314,van Breukelen et al. 2008; EPSL
-5.92,-77.35,42125,25,94,114,-7.3438,-9.9515,320,van Breukelen et al. 2008; EPSL
-5.92,-77.35,42126,25,94,114,-7.344,-9.7121,325,van Breukelen et al. 2008; EPSL
-5.92,-77.35,42127,25,94,114,-7.10063,-9.74737,331,van Breukelen et al. 2008; EPSL
-5.92,-77.35,42128,25,94,114,-7.28229,-9.6029,336,van Breukelen et al. 2008; EPSL
-5.92,-77.35,42129,25,94,114,-7.66137,-9.7252,342,van Breukelen et al. 2008; EPSL
-5.92,-77.35,42131,25,94,114,-6.9384,-9.3513,352,van Breukelen et al. 2008; EPSL
-5.92,-77.35,42132,25,94,114,-7.50357,-10.0574,358,van Breukelen et al. 2008; EPSL
-5.92,-77.35,42133,25,94,114,-7.21333,-9.72456,363,van Breukelen et al. 2008; EPSL
-5.92,-77.35,42134,25,94,114,-7.52567,-10.11911,369,van Breukelen et al. 2008; EPSL
-5.92,-77.35,42135,25,94,114,-7.3691,-10.0629,374,van Breukelen et al. 2008; EPSL
-5.92,-77.35,42136,25,94,114,-7.1902,-10.12922,380,van Breukelen et al. 2008; EPSL
-5.92,-77.35,42137,25,94,114,-7.35056,-10.1868,385,van Breukelen et al. 2008; EPSL
-5.92,-77.35,42138,25,94,114,-7.3376,-10.311,391,van Breukelen et al. 2008; EPSL
-5.92,-77.35,42139,25,94,114,-7.59771,-10.4559,396,van Breukelen et al. 2008; EPSL
-5.92,-77.35,42140,25,94,114,-7.22063,-9.9837,401,van Breukelen et al. 2008; EPSL
-5.92,-77.35,42141,25,94,114,-7.56,-10.2311,407,van Breukelen et al. 2008; EPSL
-5.92,-77.35,42142,25,94,114,-7.31433,-9.9195,412,van Breukelen et al. 2008; EPSL
-5.92,-77.35,42143,25,94,114,-7.28,-10.1322,418,van Breukelen et al. 2008; EPSL
-5.92,-77.35,42144,25,94,114,-7.41314,-10.0819,423,van Breukelen et al. 2008; EPSL
-5.92,-77.35,42145,25,94,114,-7.45456,-10.2306,429,van Breukelen et al. 2008; EPSL
-5.92,-77.35,42146,25,94,114,-7.45944,-10.3485,434,van Breukelen et al. 2008; EPSL
-5.92,-77.35,42148,25,94,114,-7.31478,-10.1526,445,van Breukelen et al. 2008; EPSL
-5.92,-77.35,42149,25,94,114,-7.13144,-9.904,448,van Breukelen et al. 2008; EPSL
-5.92,-77.35,42150,25,94,114,-7.1522,-9.8542,452,van Breukelen et al. 2008; EPSL
-5.92,-77.35,42151,25,94,114,-7.4274,-10.0221,455,van Breukelen et al. 2008; EPSL
-5.92,-77.35,42152,25,94,114,-7.65657,-10.12614,459,van Breukelen et al. 2008; EPSL
-5.92,-77.35,42153,25,94,114,-7.29722,-9.6181,462,van Breukelen et al. 2008; EPSL
-5.92,-77.35,42154,25,94,114,-7.65289,-9.9529,465,van Breukelen et al. 2008; EPSL
-5.92,-77.35,42155,25,94,114,-7.22989,-9.3171,469,van Breukelen et al. 2008; EPSL
-5.92,-77.35,42156,25,94,114,-7.58622,-9.7941,472,van Breukelen et al. 2008; EPSL
-5.92,-77.35,42157,25,94,114,-7.33743,-9.58529,476,van Breukelen et al. 2008; EPSL
-5.92,-77.35,42158,25,94,114,-7.28056,-9.6035,479,van Breukelen et al. 2008; EPSL
-5.92,-77.35,42159,25,94,114,-7.62344,-9.9826,482,van Breukelen et al. 2008; EPSL
-5.92,-77.35,42160,25,94,114,-7.19775,-9.684,486,van Breukelen et al. 2008; EPSL
-5.92,-77.35,42161,25,94,114,-7.444,-9.30856,489,van Breukelen et al. 2008; EPSL
-5.92,-77.35,42162,25,94,114,-7.58733,-9.575,493,van Breukelen et al. 2008; EPSL
-5.92,-77.35,42163,25,94,114,-7.291,-9.406,496,van Breukelen et al. 2008; EPSL
-5.92,-77.35,42164,25,94,114,-7.308,-9.5297,499,van Breukelen et al. 2008; EPSL
-5.92,-77.35,42165,25,94,114,-7.47938,-9.5165,503,van Breukelen et al. 2008; EPSL
-5.92,-77.35,42166,25,94,114,-7.2431,-9.2309,506,van Breukelen et al. 2008; EPSL
-5.92,-77.35,42167,25,94,114,-7.3099,-9.2642,510,van Breukelen et al. 2008; EPSL
-5.92,-77.35,42168,25,94,114,-7.05544,-9.0812,513,van Breukelen et al. 2008; EPSL
-5.92,-77.35,42169,25,94,114,-7.4074,-9.2235,516,van Breukelen et al. 2008; EPSL
-5.92,-77.35,42170,25,94,114,-7.4101,-9.3233,520,van Breukelen et al. 2008; EPSL
-5.92,-77.35,42171,25,94,114,-7.41075,-9.34978,523,van Breukelen et al. 2008; EPSL
-5.92,-77.35,42172,25,94,114,-7.29778,-9.2441,527,van Breukelen et al. 2008; EPSL
-5.92,-77.35,42173,25,94,114,-7.60675,-9.7025,530,van Breukelen et al. 2008; EPSL
-5.92,-77.35,42174,25,94,114,-7.2095,-9.3528,533,van Breukelen et al. 2008; EPSL
-5.92,-77.35,42175,25,94,114,-7.24656,-9.2551,537,van Breukelen et al. 2008; EPSL
-5.92,-77.35,42176,25,94,114,-7.00475,-8.7705,540,van Breukelen et al. 2008; EPSL
-5.92,-77.35,42177,25,94,114,-7.30962,-9.0314,544,van Breukelen et al. 2008; EPSL
-5.92,-77.35,42178,25,94,114,-6.96378,-8.7532,547,van Breukelen et al. 2008; EPSL
-5.92,-77.35,42179,25,94,114,-7.03722,-8.72278,550,van Breukelen et al. 2008; EPSL
-5.92,-77.35,42180,25,94,114,-7.20263,-8.8076,554,van Breukelen et al. 2008; EPSL
-5.92,-77.35,42181,25,94,114,-7.60425,-8.81944,557,van Breukelen et al. 2008; EPSL
-5.92,-77.35,42182,25,94,114,-7.13017,-8.51944,561,van Breukelen et al. 2008; EPSL
-5.92,-77.35,42183,25,94,114,-7.046,-8.342,564,van Breukelen et al. 2008; EPSL
-5.92,-77.35,42184,25,94,114,-6.94775,-8.23062,567,van Breukelen et al. 2008; EPSL
-5.92,-77.35,42185,25,94,114,-7.28178,-8.4747,571,van Breukelen et al. 2008; EPSL
-5.92,-77.35,42186,25,94,114,-6.99344,-8.2697,574,van Breukelen et al. 2008; EPSL
-5.92,-77.35,42187,25,94,114,-6.84133,-8.4776,578,van Breukelen et al. 2008; EPSL
-5.92,-77.35,42188,25,94,114,-7.0116,-9.0144,581,van Breukelen et al. 2008; EPSL
-5.92,-77.35,42189,25,94,114,-7.20533,-8.84756,584,van Breukelen et al. 2008; EPSL
-5.92,-77.35,42190,25,94,114,-6.9442,-8.4946,588,van Breukelen et al. 2008; EPSL
-5.92,-77.35,42191,25,94,114,-7.00556,-8.3316,591,van Breukelen et al. 2008; EPSL
-5.92,-77.35,42192,25,94,114,-7.114,-8.86711,595,van Breukelen et al. 2008; EPSL
-5.92,-77.35,42193,25,94,114,-7.0577,-9.0073,598,van Breukelen et al. 2008; EPSL
-5.92,-77.35,42194,25,94,114,-7.28833,-9.523,601,van Breukelen et al. 2008; EPSL
-5.92,-77.35,42195,25,94,114,-6.99833,-8.6169,605,van Breukelen et al. 2008; EPSL
-5.92,-77.35,42196,25,94,114,-7.1613,-8.8638,608,van Breukelen et al. 2008; EPSL
-5.92,-77.35,42197,25,94,114,-7.453,-9.3841,612,van Breukelen et al. 2008; EPSL
-5.92,-77.35,42198,25,94,114,-7.19822,-9.4582,615,van Breukelen et al. 2008; EPSL
-5.92,-77.35,42199,25,94,114,-6.785,-9.3007,618,van Breukelen et al. 2008; EPSL
-5.92,-77.35,42200,25,94,114,-7.2413,-9.528,622,van Breukelen et al. 2008; EPSL
-5.92,-77.35,42201,25,94,114,-6.89914,-9.29743,625,van Breukelen et al. 2008; EPSL
-5.92,-77.35,42202,25,94,114,-6.57744,-8.78775,629,van Breukelen et al. 2008; EPSL
-5.92,-77.35,42203,25,94,114,-6.9332,-9.0624,632,van Breukelen et al. 2008; EPSL
-5.92,-77.35,42204,25,94,114,-7.04613,-9.4224,636,van Breukelen et al. 2008; EPSL
-5.92,-77.35,42205,25,94,114,-7.16067,-9.6026,639,van Breukelen et al. 2008; EPSL
-5.92,-77.35,42206,25,94,114,-7.40088,-9.325,642,van Breukelen et al. 2008; EPSL
-5.92,-77.35,42207,25,94,114,-6.93443,-9.1285,646,van Breukelen et al. 2008; EPSL
-5.92,-77.35,42208,25,94,114,-7.0834,-9.3552,649,van Breukelen et al. 2008; EPSL
-5.92,-77.35,42209,25,94,114,-7.04467,-9.3753,653,van Breukelen et al. 2008; EPSL
-5.92,-77.35,42210,25,94,114,NA,-8.1421,660,van Breukelen et al. 2008; EPSL
-5.92,-77.35,42211,25,94,114,-6.89837,-9.30111,667,van Breukelen et al. 2008; EPSL
-5.92,-77.35,42212,25,94,114,-6.96767,-9.4423,675,van Breukelen et al. 2008; EPSL
-5.92,-77.35,42213,25,94,114,-7.048,-9.6286,682,van Breukelen et al. 2008; EPSL
-5.92,-77.35,42214,25,94,114,-7.48211,-10.1066,690,van Breukelen et al. 2008; EPSL
-5.92,-77.35,42215,25,94,114,-7.02778,-9.5432,697,van Breukelen et al. 2008; EPSL
-5.92,-77.35,42216,25,94,114,-7.27025,-9.7566,705,van Breukelen et al. 2008; EPSL
-5.92,-77.35,42217,25,94,114,-7.02989,-9.6173,712,van Breukelen et al. 2008; EPSL
-5.92,-77.35,42218,25,94,114,-7.07256,-9.5007,719,van Breukelen et al. 2008; EPSL
-5.92,-77.35,42219,25,94,114,-6.92075,-9.17556,727,van Breukelen et al. 2008; EPSL
-5.92,-77.35,42220,25,94,114,-7.0509,-9.2665,734,van Breukelen et al. 2008; EPSL
-5.92,-77.35,42221,25,94,114,-6.8146,-9.2629,742,van Breukelen et al. 2008; EPSL
-5.92,-77.35,42222,25,94,114,-7.4505,-9.9008,749,van Breukelen et al. 2008; EPSL
-5.92,-77.35,42223,25,94,114,-7.26056,-9.79933,756,van Breukelen et al. 2008; EPSL
-5.92,-77.35,42224,25,94,114,-7.1775,-9.8702,764,van Breukelen et al. 2008; EPSL
-5.92,-77.35,42225,25,94,114,-7.06333,-9.6186,771,van Breukelen et al. 2008; EPSL
-5.92,-77.35,42226,25,94,114,-7.20989,-9.574,779,van Breukelen et al. 2008; EPSL
-5.92,-77.35,42227,25,94,114,-7.0231,-9.4047,786,van Breukelen et al. 2008; EPSL
-5.92,-77.35,42228,25,94,114,-7.13233,-9.5505,794,van Breukelen et al. 2008; EPSL
-5.92,-77.35,42229,25,94,114,-6.8222,-9.0469,801,van Breukelen et al. 2008; EPSL
-5.92,-77.35,42230,25,94,114,-7.22537,-9.7353,808,van Breukelen et al. 2008; EPSL
-5.92,-77.35,42231,25,94,114,-6.9895,-9.681,816,van Breukelen et al. 2008; EPSL
-5.92,-77.35,42232,25,94,114,-7.23267,-9.5706,823,van Breukelen et al. 2008; EPSL
-5.92,-77.35,42233,25,94,114,-6.9292,-9.319,831,van Breukelen et al. 2008; EPSL
-5.92,-77.35,42234,25,94,114,-7.21443,-9.93229,838,van Breukelen et al. 2008; EPSL
-5.92,-77.35,42235,25,94,114,-7.1281,-9.774,846,van Breukelen et al. 2008; EPSL
-5.92,-77.35,42236,25,94,114,-7.0878,-9.6184,853,van Breukelen et al. 2008; EPSL
-5.92,-77.35,42237,25,94,114,-7.4502,-10.0449,860,van Breukelen et al. 2008; EPSL
-5.92,-77.35,42238,25,94,114,-6.91,-9.5616,868,van Breukelen et al. 2008; EPSL
-5.92,-77.35,42239,25,94,114,-6.96478,-9.6229,875,van Breukelen et al. 2008; EPSL
-5.92,-77.35,42240,25,94,114,-7.0824,-9.864,883,van Breukelen et al. 2008; EPSL
-5.92,-77.35,42241,25,94,114,-7.4686,-10.3391,890,van Breukelen et al. 2008; EPSL
-5.92,-77.35,42242,25,94,114,-6.78133,-9.9888,898,van Breukelen et al. 2008; EPSL
-5.92,-77.35,42243,25,94,114,-6.9567,-10.0251,905,van Breukelen et al. 2008; EPSL
-5.92,-77.35,42244,25,94,114,-7.215,-9.9918,912,van Breukelen et al. 2008; EPSL
-5.92,-77.35,42245,25,94,114,-7.1443,-9.9166,920,van Breukelen et al. 2008; EPSL
-5.92,-77.35,42246,25,94,114,-6.8635,-9.6734,927,van Breukelen et al. 2008; EPSL
-5.92,-77.35,42247,25,94,114,-5.737,-9.2123,935,van Breukelen et al. 2008; EPSL
-5.92,-77.35,42248,25,94,114,-6.7286,-9.2166,942,van Breukelen et al. 2008; EPSL
-5.92,-77.35,42249,25,94,114,-7.016,-9.5158,949,van Breukelen et al. 2008; EPSL
-5.92,-77.35,42250,25,94,114,-6.9264,-9.6272,957,van Breukelen et al. 2008; EPSL
-5.92,-77.35,42251,25,94,114,-7.08244,-9.779,964,van Breukelen et al. 2008; EPSL
-5.92,-77.35,42252,25,94,114,-7.08889,-9.6611,972,van Breukelen et al. 2008; EPSL
-5.92,-77.35,42253,25,94,114,-7.24325,-9.9452,976,van Breukelen et al. 2008; EPSL
-5.92,-77.35,42254,25,94,114,-6.939,-9.7328,980,van Breukelen et al. 2008; EPSL
-5.92,-77.35,42255,25,94,114,-6.95367,-9.8704,984,van Breukelen et al. 2008; EPSL
-5.92,-77.35,42256,25,94,114,-6.74538,-9.7654,989,van Breukelen et al. 2008; EPSL
-5.92,-77.35,42257,25,94,114,-6.31088,-9.2479,993,van Breukelen et al. 2008; EPSL
-5.92,-77.35,42258,25,94,114,-6.80078,-9.5286,997,van Breukelen et al. 2008; EPSL
-5.92,-77.35,42259,25,94,114,-7.15613,-9.7546,1001,van Breukelen et al. 2008; EPSL
-5.92,-77.35,42260,25,94,114,-7.3869,-9.8563,1006,van Breukelen et al. 2008; EPSL
-5.92,-77.35,42261,25,94,114,-7.3039,-9.7808,1010,van Breukelen et al. 2008; EPSL
-5.92,-77.35,42262,25,94,114,-7.2943,-9.8068,1014,van Breukelen et al. 2008; EPSL
-5.92,-77.35,42263,25,94,114,-7.09112,-9.6882,1018,van Breukelen et al. 2008; EPSL
-5.92,-77.35,42264,25,94,114,-7.496,-10.0508,1023,van Breukelen et al. 2008; EPSL
-5.92,-77.35,42265,25,94,114,-7.59411,-10.2279,1027,van Breukelen et al. 2008; EPSL
-5.92,-77.35,42266,25,94,114,-7.49913,-9.9215,1031,van Breukelen et al. 2008; EPSL
-5.92,-77.35,42267,25,94,114,-7.17656,-9.743,1035,van Breukelen et al. 2008; EPSL
-5.92,-77.35,42268,25,94,114,-7.5756,-10.0558,1040,van Breukelen et al. 2008; EPSL
-5.92,-77.35,42269,25,94,114,-7.23078,-9.62857,1044,van Breukelen et al. 2008; EPSL
-5.92,-77.35,42270,25,94,114,-7.6553,-10.0525,1048,van Breukelen et al. 2008; EPSL
-5.92,-77.35,42271,25,94,114,-7.0925,-9.6745,1052,van Breukelen et al. 2008; EPSL
-5.92,-77.35,42272,25,94,114,-7.5084,-10.0673,1057,van Breukelen et al. 2008; EPSL
-5.92,-77.35,42273,25,94,114,-7.15444,-9.4858,1061,van Breukelen et al. 2008; EPSL
-5.92,-77.35,42274,25,94,114,-7.15044,-9.6489,1065,van Breukelen et al. 2008; EPSL
-5.92,-77.35,42275,25,94,114,-7.5526,-9.843,1069,van Breukelen et al. 2008; EPSL
-5.92,-77.35,42276,25,94,114,-7.10444,-9.3277,1074,van Breukelen et al. 2008; EPSL
-5.92,-77.35,42277,25,94,114,-7.0772,-9.0038,1078,van Breukelen et al. 2008; EPSL
-5.92,-77.35,42278,25,94,114,-7.049,-8.8338,1082,van Breukelen et al. 2008; EPSL
-5.92,-77.35,42279,25,94,114,-6.943,-8.6387,1086,van Breukelen et al. 2008; EPSL
-5.92,-77.35,42280,25,94,114,-7.0232,-8.5017,1091,van Breukelen et al. 2008; EPSL
-5.92,-77.35,42281,25,94,114,-7.0669,-8.7612,1095,van Breukelen et al. 2008; EPSL
-5.92,-77.35,42282,25,94,114,-7.01922,-8.5407,1099,van Breukelen et al. 2008; EPSL
-5.92,-77.35,42283,25,94,114,-6.8775,-8.4075,1103,van Breukelen et al. 2008; EPSL
-5.92,-77.35,42284,25,94,114,-6.9752,-8.4737,1108,van Breukelen et al. 2008; EPSL
-5.92,-77.35,42285,25,94,114,-6.65711,-8.1772,1112,van Breukelen et al. 2008; EPSL
-5.92,-77.35,42286,25,94,114,-6.7913,-8.3735,1116,van Breukelen et al. 2008; EPSL
-5.92,-77.35,42287,25,94,114,-7.1735,-8.49075,1120,van Breukelen et al. 2008; EPSL
-5.92,-77.35,42288,25,94,114,-6.8766,-8.4153,1125,van Breukelen et al. 2008; EPSL
-5.92,-77.35,42289,25,94,114,-6.9833,-8.6003,1129,van Breukelen et al. 2008; EPSL
-5.92,-77.35,42290,25,94,114,-6.79256,-8.3373,1133,van Breukelen et al. 2008; EPSL
-5.92,-77.35,42291,25,94,114,-6.724,-8.3703,1137,van Breukelen et al. 2008; EPSL
-5.92,-77.35,42292,25,94,114,-6.99375,-8.4935,1142,van Breukelen et al. 2008; EPSL
-5.92,-77.35,42293,25,94,114,-7.42111,-8.9286,1146,van Breukelen et al. 2008; EPSL
-5.92,-77.35,42294,25,94,114,-7.2498,-8.9968,1150,van Breukelen et al. 2008; EPSL
-5.92,-77.35,42295,25,94,114,-7.2209,-9.1873,1154,van Breukelen et al. 2008; EPSL
-5.92,-77.35,42296,25,94,114,-7.0422,-8.8397,1159,van Breukelen et al. 2008; EPSL
-5.92,-77.35,42297,25,94,114,-6.9678,-8.9375,1163,van Breukelen et al. 2008; EPSL
-5.92,-77.35,42298,25,94,114,-6.8471,-8.8867,1167,van Breukelen et al. 2008; EPSL
-5.92,-77.35,42299,25,94,114,-7.073,-8.5331,1171,van Breukelen et al. 2008; EPSL
-5.92,-77.35,42300,25,94,114,-7.2131,-8.8858,1175,van Breukelen et al. 2008; EPSL
-5.92,-77.35,42301,25,94,114,-7.26563,-9.376,1180,van Breukelen et al. 2008; EPSL
-5.92,-77.35,42302,25,94,114,-7.16575,-9.6456,1184,van Breukelen et al. 2008; EPSL
-5.92,-77.35,42303,25,94,114,-7.241,-9.6977,1188,van Breukelen et al. 2008; EPSL
-5.92,-77.35,42304,25,94,114,-7.57862,-10.37738,1192,van Breukelen et al. 2008; EPSL
-5.92,-77.35,42305,25,94,114,-7.418,-9.7725,1197,van Breukelen et al. 2008; EPSL
-5.92,-77.35,42306,25,94,114,-7.3649,-9.5233,1201,van Breukelen et al. 2008; EPSL
-5.92,-77.35,42307,25,94,114,-7.13711,-9.482,1205,van Breukelen et al. 2008; EPSL
-5.92,-77.35,42308,25,94,114,-7.2452,-9.3182,1209,van Breukelen et al. 2008; EPSL
-5.92,-77.35,42309,25,94,114,-7.6126,-9.5291,1214,van Breukelen et al. 2008; EPSL
-5.92,-77.35,42310,25,94,114,-7.4511,-9.3251,1225,van Breukelen et al. 2008; EPSL
-5.92,-77.35,42311,25,94,114,-7.2094,-9.0225,1236,van Breukelen et al. 2008; EPSL
-5.92,-77.35,42312,25,94,114,-7.0606,-8.4166,1247,van Breukelen et al. 2008; EPSL
-5.92,-77.35,42313,25,94,114,-7.45511,-8.7743,1258,van Breukelen et al. 2008; EPSL
-5.92,-77.35,42314,25,94,114,-7.0826,-8.6439,1269,van Breukelen et al. 2008; EPSL
-5.92,-77.35,42315,25,94,114,-7.38956,-8.8792,1280,van Breukelen et al. 2008; EPSL
-5.92,-77.35,42316,25,94,114,-7.29633,-8.74189,1292,van Breukelen et al. 2008; EPSL
-5.92,-77.35,42317,25,94,114,-6.89656,-8.0393,1303,van Breukelen et al. 2008; EPSL
-5.92,-77.35,42318,25,94,114,-7.1307,-8.1688,1314,van Breukelen et al. 2008; EPSL
-5.92,-77.35,42319,25,94,114,-6.676,-7.25989,1325,van Breukelen et al. 2008; EPSL
-5.92,-77.35,42320,25,94,114,-6.947,-7.93756,1336,van Breukelen et al. 2008; EPSL
-5.92,-77.35,42321,25,94,114,-6.6434,-7.8174,1347,van Breukelen et al. 2008; EPSL
-5.92,-77.35,42322,25,94,114,-6.8105,-8.0013,1358,van Breukelen et al. 2008; EPSL
-5.92,-77.35,42323,25,94,114,-6.867,-8.0658,1370,van Breukelen et al. 2008; EPSL
-5.92,-77.35,42324,25,94,114,-7.1809,-8.2849,1381,van Breukelen et al. 2008; EPSL
-5.92,-77.35,42325,25,94,114,-6.839,-8.1866,1392,van Breukelen et al. 2008; EPSL
-5.92,-77.35,42326,25,94,114,-7.2941,-8.4511,1403,van Breukelen et al. 2008; EPSL
-5.92,-77.35,42327,25,94,114,-6.7842,-7.8499,1414,van Breukelen et al. 2008; EPSL
-5.92,-77.35,42328,25,94,114,-7.0134,-8.0415,1425,van Breukelen et al. 2008; EPSL
-5.92,-77.35,42329,25,94,114,-6.7829,-7.4569,1436,van Breukelen et al. 2008; EPSL
-5.92,-77.35,42330,25,94,114,-6.7594,-7.7391,1448,van Breukelen et al. 2008; EPSL
-5.92,-77.35,42331,25,94,114,-6.166,-7.70662,1459,van Breukelen et al. 2008; EPSL
-5.92,-77.35,42332,25,94,114,-6.8787,-8.0426,1470,van Breukelen et al. 2008; EPSL
-5.92,-77.35,42333,25,94,114,-6.74989,-7.7052,1481,van Breukelen et al. 2008; EPSL
-5.92,-77.35,42334,25,94,114,-7.1357,-7.694,1492,van Breukelen et al. 2008; EPSL
-5.92,-77.35,42335,25,94,114,-6.6228,-7.4415,1503,van Breukelen et al. 2008; EPSL
-5.92,-77.35,42336,25,94,114,-6.89588,-7.73038,1514,van Breukelen et al. 2008; EPSL
-5.92,-77.35,42337,25,94,114,-6.9012,-7.539,1526,van Breukelen et al. 2008; EPSL
-5.92,-77.35,42338,25,94,114,-6.6285,-6.8528,1537,van Breukelen et al. 2008; EPSL
